Month,Date,Day,Sales
January,1/1/19,Tuesday,3265.69
January,1/2/19,Wednesday,6727.80
January,1/3/19,Thursday,6261.28
January,1/4/19,Friday,6445.43
January,1/5/19,Saturday,8538.66
January,1/6/19,Sunday,14984.10
January,1/7/19,Monday,8385.20
January,1/8/19,Tuesday,1915.21
January,1/9/19,Wednesday,5365.06
January,1/10/19,Thursday,8170.35
January,1/11/19,Friday,8029.17
January,1/12/19,Saturday,11914.84
January,1/13/19,Sunday,9391.92
January,1/14/19,Monday,10570.51
January,1/15/19,Tuesday,8372.92
January,1/16/19,Wednesday,10349.52
January,1/17/19,Thursday,3032.42
January,1/18/19,Friday,1430.27
January,1/19/19,Saturday,8415.89
January,1/20/19,Sunday,10607.34
January,1/21/19,Monday,15168.25
January,1/22/19,Tuesday,5530.80
January,1/23/19,Wednesday,5911.38
January,1/24/19,Thursday,9177.07
January,1/25/19,Friday,13203.93
January,1/26/19,Saturday,10865.16
January,1/27/19,Sunday,12019.20
January,1/28/19,Monday,22761.59
January,1/29/19,Tuesday,3744.49
January,1/30/19,Wednesday,7771.35
January,1/31/19,Thursday,6469.99
February,2/1/19,Friday,8280.85
February,2/2/19,Saturday,5371.19
February,2/3/19,Sunday,9674.29
February,2/4/19,Monday,8329.96
February,2/5/19,Tuesday,3038.56
February,2/6/19,Wednesday,5622.87
February,2/7/19,Thursday,6862.85
February,2/8/19,Friday,37144.11
February,2/9/19,Saturday,5665.84
February,2/10/19,Sunday,10748.53
February,2/11/19,Monday,7145.22
February,2/12/19,Tuesday,3554.20
February,2/13/19,Wednesday,10103.98
February,2/14/19,Thursday,4935.36
February,2/15/19,Friday,4880.11
February,2/16/19,Saturday,10490.71
February,2/17/19,Sunday,6488.40
February,2/18/19,Monday,10601.20
February,2/19/19,Tuesday,7139.08
February,2/20/19,Wednesday,9434.89
February,2/21/19,Thursday,9281.42
February,2/22/19,Friday,5880.69
February,2/23/19,Saturday,12019.20
February,2/24/19,Sunday,11761.38
February,2/25/19,Monday,12399.79
February,2/26/19,Tuesday,2596.59
February,2/27/19,Wednesday,9330.53
February,2/28/19,Thursday,1657.40
March,3/1/19,Friday,8925.39
March,3/2/19,Saturday,9035.88
March,3/3/19,Sunday,7415.32
March,3/4/19,Monday,7157.50
March,3/5/19,Tuesday,8575.50
March,3/6/19,Wednesday,2320.36
March,3/7/19,Thursday,8636.88
March,3/8/19,Friday,4168.05
March,3/9/19,Saturday,13001.36
March,3/10/19,Sunday,6764.64
March,3/11/19,Monday,6979.48
March,3/12/19,Tuesday,11294.85
March,3/13/19,Wednesday,5917.52
March,3/14/19,Thursday,13001.36
March,3/15/19,Friday,6187.62
March,3/16/19,Saturday,5997.32
March,3/17/19,Sunday,19563.42
March,3/18/19,Monday,0.00
March,3/19/19,Tuesday,6476.13
March,3/20/19,Wednesday,7482.84
March,3/21/19,Thursday,8636.88
March,3/22/19,Friday,12172.66
March,3/23/19,Saturday,14339.55
March,3/24/19,Sunday,17672.76
March,3/25/19,Monday,3498.95
March,3/26/19,Tuesday,9146.38
March,3/27/19,Wednesday,6703.25
March,3/28/19,Thursday,13750.26
March,3/29/19,Friday,12062.17
March,3/30/19,Saturday,13038.19
March,3/31/19,Sunday,27187.45
April,4/1/19,Monday,3990.03
April,4/2/19,Tuesday,6408.60
April,4/3/19,Wednesday,6703.25
April,4/4/19,Thursday,6101.68
April,4/5/19,Friday,11129.12
April,4/6/19,Saturday,13750.26
April,4/7/19,Sunday,11890.29
April,4/8/19,Monday,705.93
April,4/9/19,Tuesday,5641.29
April,4/10/19,Wednesday,7022.45
April,4/11/19,Thursday,6721.67
April,4/12/19,Friday,43221.23
April,4/13/19,Saturday,8655.30
April,4/14/19,Sunday,8354.51
April,4/15/19,Monday,1976.60
April,4/16/19,Tuesday,6334.94
April,4/17/19,Wednesday,5162.49
April,4/18/19,Thursday,9048.16
April,4/19/19,Friday,5549.21
April,4/20/19,Saturday,9778.64
April,4/21/19,Sunday,12203.35
April,4/22/19,Monday,4738.93
April,4/23/19,Tuesday,9735.67
April,4/24/19,Wednesday,9483.99
April,4/25/19,Thursday,3591.03
April,4/26/19,Friday,8268.57
April,4/27/19,Saturday,8710.54
April,4/28/19,Sunday,15530.43
April,4/29/19,Monday,3695.38
April,4/30/19,Tuesday,7488.98
May,5/1/19,Wednesday,8379.06
May,5/2/19,Thursday,10079.43
May,5/3/19,Friday,6911.96
May,5/4/19,Saturday,12491.86
May,5/5/19,Sunday,9526.96
May,5/6/19,Monday,5892.97
May,5/7/19,Tuesday,8833.31
May,5/8/19,Wednesday,7163.64
May,5/9/19,Thursday,9797.06
May,5/10/19,Friday,9840.03
May,5/11/19,Saturday,8833.31
May,5/12/19,Sunday,17457.92
May,5/13/19,Monday,7145.22
May,5/14/19,Tuesday,9686.57
May,5/15/19,Wednesday,9619.04
May,5/16/19,Thursday,10681.00
May,5/17/19,Friday,13866.89
May,5/18/19,Saturday,12737.40
May,5/19/19,Sunday,16604.66
May,5/20/19,Monday,5604.46
May,5/21/19,Tuesday,7550.36
May,5/22/19,Wednesday,6144.65
May,5/23/19,Thursday,15481.32
May,5/24/19,Friday,13246.90
May,5/25/19,Saturday,17697.32
May,5/26/19,Sunday,13105.71
May,5/27/19,Monday,3818.15
May,5/28/19,Tuesday,8354.51
May,5/29/19,Wednesday,10773.08
May,5/30/19,Thursday,6942.65
May,5/31/19,Friday,3228.86
June,6/1/19,Saturday,10908.13
June,6/2/19,Sunday,12743.54
June,6/3/19,Monday,4358.34
June,6/4/19,Tuesday,15131.42
June,6/5/19,Wednesday,10576.65
June,6/6/19,Thursday,16316.15
June,6/7/19,Friday,10730.11
June,6/8/19,Saturday,13965.11
June,6/9/19,Sunday,14597.37
June,6/10/19,Monday,2639.56
June,6/11/19,Tuesday,12755.82
June,6/12/19,Wednesday,15278.75
June,6/13/19,Thursday,12706.71
June,6/14/19,Friday,9533.10
June,6/15/19,Saturday,12651.46
June,6/16/19,Sunday,13652.04
June,6/17/19,Monday,4339.93
June,6/18/19,Tuesday,15346.27
June,6/19/19,Wednesday,9938.24
June,6/20/19,Thursday,16174.97
June,6/21/19,Friday,11356.24
June,6/22/19,Saturday,11129.12
June,6/23/19,Sunday,13289.87
June,6/24/19,Monday,5328.22
June,6/25/19,Tuesday,7642.44
June,6/26/19,Wednesday,7335.52
June,6/27/19,Thursday,16764.27
June,6/28/19,Friday,19360.85
June,6/29/19,Saturday,20042.23
June,6/30/19,Sunday,19551.15
July,7/1/19,Monday,2866.68
July,7/2/19,Tuesday,7887.98
July,7/3/19,Wednesday,9477.86
July,7/4/19,Thursday,12178.80
July,7/5/19,Friday,8759.65
July,7/6/19,Saturday,9809.34
July,7/7/19,Sunday,14081.74
July,7/8/19,Monday,2694.81
July,7/9/19,Tuesday,15340.13
July,7/10/19,Wednesday,15076.18
July,7/11/19,Thursday,7648.58
July,7/12/19,Friday,6568.20
July,7/13/19,Saturday,11700.00
July,7/14/19,Sunday,8808.76
July,7/15/19,Monday,4008.45
July,7/16/19,Tuesday,3290.24
July,7/17/19,Wednesday,8096.69
July,7/18/19,Thursday,10564.37
July,7/19/19,Friday,11331.69
July,7/20/19,Saturday,10908.13
July,7/21/19,Sunday,12184.94
July,7/22/19,Monday,3431.43
July,7/23/19,Tuesday,14173.81
July,7/24/19,Wednesday,8434.31
July,7/25/19,Thursday,6684.84
July,7/26/19,Friday,15082.31
July,7/27/19,Saturday,6206.03
July,7/28/19,Sunday,15573.39
July,7/29/19,Monday,2320.36
July,7/30/19,Tuesday,17979.69
July,7/31/19,Wednesday,3425.29
August,8/1/19,Thursday,6236.72
August,8/2/19,Friday,7446.01
August,8/3/19,Saturday,11534.26
August,8/4/19,Sunday,20969.14
August,8/5/19,Monday,3947.06
August,8/6/19,Tuesday,5187.04
August,8/7/19,Wednesday,12688.30
August,8/8/19,Thursday,7421.46
August,8/9/19,Friday,9428.75
August,8/10/19,Saturday,12522.56
August,8/11/19,Sunday,8722.82
August,8/12/19,Monday,5549.21
August,8/13/19,Tuesday,12731.27
August,8/14/19,Wednesday,8434.31
August,8/15/19,Thursday,9060.44
August,8/16/19,Friday,15162.11
August,8/17/19,Saturday,7163.64
August,8/18/19,Sunday,7930.95
August,8/19/19,Monday,4616.16
August,8/20/19,Tuesday,3333.21
August,8/21/19,Wednesday,3425.29
August,8/22/19,Thursday,8440.45
August,8/23/19,Friday,14542.13
August,8/24/19,Saturday,11515.84
August,8/25/19,Sunday,18090.18
August,8/26/19,Monday,7495.12
August,8/27/19,Tuesday,8771.93
August,8/28/19,Wednesday,8839.45
August,8/29/19,Thursday,5905.24
August,8/30/19,Friday,9717.26
August,8/31/19,Saturday,10067.15
September,9/1/19,Sunday,4622.30
September,9/2/19,Monday,3701.52
September,9/3/19,Tuesday,5782.47
September,9/4/19,Wednesday,5346.64
September,9/5/19,Thursday,12037.61
September,9/6/19,Friday,6924.24
September,9/7/19,Saturday,16518.73
September,9/8/19,Sunday,11313.27
September,9/9/19,Monday,4745.07
September,9/10/19,Tuesday,2295.80
September,9/11/19,Wednesday,3363.90
September,9/12/19,Thursday,6819.88
September,9/13/19,Friday,5942.08
September,9/14/19,Saturday,6617.31
September,9/15/19,Sunday,9889.14
September,9/16/19,Monday,7157.50
September,9/17/19,Tuesday,4628.44
September,9/18/19,Wednesday,2326.49
September,9/19/19,Thursday,57094.26
September,9/20/19,Friday,6070.98
September,9/21/19,Saturday,7335.52
September,9/22/19,Sunday,5659.70
September,9/23/19,Monday,1387.30
September,9/24/19,Tuesday,4861.70
September,9/25/19,Wednesday,3406.87
September,9/26/19,Thursday,11620.20
September,9/27/19,Friday,736.62
September,9/28/19,Saturday,5543.07
September,9/29/19,Sunday,6918.10
September,9/30/19,Monday,4303.09
October,10/1/19,Tuesday,4223.29
October,10/2/19,Wednesday,10103.98
October,10/3/19,Thursday,8888.56
October,10/4/19,Friday,8201.05
October,10/5/19,Saturday,8864.01
October,10/6/19,Sunday,8286.99
October,10/7/19,Monday,3640.14
October,10/8/19,Tuesday,5696.54
October,10/9/19,Wednesday,6163.06
October,10/10/19,Thursday,7875.71
October,10/11/19,Friday,32810.33
October,10/12/19,Saturday,6654.14
October,10/13/19,Sunday,14186.09
October,10/14/19,Monday,7458.29
October,10/15/19,Tuesday,12553.25
October,10/16/19,Wednesday,9330.53
October,10/17/19,Thursday,6911.96
October,10/18/19,Friday,8673.71
October,10/19/19,Saturday,13652.04
October,10/20/19,Sunday,13253.04
October,10/21/19,Monday,3050.84
October,10/22/19,Tuesday,10638.03
October,10/23/19,Wednesday,3996.17
October,10/24/19,Thursday,4168.05
October,10/25/19,Friday,0.00
October,10/26/19,Saturday,25818.56
October,10/27/19,Sunday,15714.58
October,10/28/19,Monday,6543.65
October,10/29/19,Tuesday,9183.21
October,10/30/19,Wednesday,11663.17
October,10/31/19,Thursday,12129.69
November,11/1/19,Friday,14087.88
November,11/2/19,Saturday,15444.49
November,11/3/19,Sunday,18237.51
November,11/4/19,Monday,12000.78
November,11/5/19,Tuesday,14173.81
November,11/6/19,Wednesday,9600.63
November,11/7/19,Thursday,13160.96
November,11/8/19,Friday,12491.86
November,11/9/19,Saturday,18802.25
November,11/10/19,Sunday,17482.47
November,11/11/19,Monday,18139.29
November,11/12/19,Tuesday,26407.86
November,11/13/19,Wednesday,25063.53
November,11/14/19,Thursday,24461.95
November,11/15/19,Friday,21091.91
November,11/16/19,Saturday,29759.49
November,11/17/19,Sunday,31975.49
November,11/18/19,Monday,14707.87
November,11/19/19,Tuesday,44774.28
November,11/20/19,Wednesday,31754.50
November,11/21/19,Thursday,0.00
November,11/22/19,Friday,15708.44
November,11/23/19,Saturday,11350.10
November,11/24/19,Sunday,9864.58
November,11/25/19,Monday,5009.02
November,11/26/19,Tuesday,8133.52
November,11/27/19,Wednesday,11601.78
November,11/28/19,Thursday,106932.81
November,11/29/19,Friday,12172.66
November,11/30/19,Saturday,4702.10
December,12/1/19,Sunday,13891.44
December,12/2/19,Monday,4916.94
December,12/3/19,Tuesday,9097.27
December,12/4/19,Wednesday,4548.63
December,12/5/19,Thursday,9766.37
December,12/6/19,Friday,4573.19
December,12/7/19,Saturday,9115.68
December,12/8/19,Sunday,11135.25
December,12/9/19,Monday,5653.57
December,12/10/19,Tuesday,8888.56
December,12/11/19,Wednesday,3738.35
December,12/12/19,Thursday,4100.52
December,12/13/19,Friday,8557.08
December,12/14/19,Saturday,7887.98
December,12/15/19,Sunday,13860.75
December,12/16/19,Monday,5751.78
December,12/17/19,Tuesday,10588.93
December,12/18/19,Wednesday,4855.56
December,12/19/19,Thursday,12933.84
December,12/20/19,Friday,10558.23
December,12/21/19,Saturday,11577.23
December,12/22/19,Sunday,19575.70
December,12/23/19,Monday,5862.28
December,12/24/19,Tuesday,5868.41
December,12/25/19,Wednesday,9864.58
December,12/26/19,Thursday,11300.99
December,12/27/19,Friday,13639.76
December,12/28/19,Saturday,11049.31
December,12/29/19,Sunday,17740.29
December,12/30/19,Monday,10177.65
December,12/31/19,Tuesday,5923.66
January,1/1/20,Wednesday,2038.46
January,1/2/20,Thursday,3129.02
January,1/3/20,Friday,4978.82
January,1/4/20,Saturday,3119.81
January,1/5/20,Sunday,2820.72
January,1/6/20,Monday,11052.79
January,1/7/20,Tuesday,13937.92
January,1/8/20,Wednesday,2190.31
January,1/9/20,Thursday,5880.71
January,1/10/20,Friday,6856.22
January,1/11/20,Saturday,11236.85
January,1/12/20,Sunday,5535.60
January,1/13/20,Monday,7564.85
January,1/14/20,Tuesday,9801.18
January,1/15/20,Wednesday,2171.90
January,1/16/20,Thursday,6722.78
January,1/17/20,Friday,4767.15
January,1/18/20,Saturday,6773.40
January,1/19/20,Sunday,6175.20
January,1/20/20,Monday,8650.81
January,1/21/20,Tuesday,10643.25
January,1/22/20,Wednesday,1725.56
January,1/23/20,Thursday,4095.33
January,1/24/20,Friday,4279.39
January,1/25/20,Saturday,10546.62
January,1/26/20,Sunday,9814.98
January,1/27/20,Monday,8747.44
January,1/28/20,Tuesday,14269.23
January,1/29/20,Wednesday,3750.22
January,1/30/20,Thursday,2967.96
January,1/31/20,Friday,2728.69
February,2/1/20,Saturday,6488.11
February,2/2/20,Sunday,3561.56
February,2/3/20,Monday,5342.33
February,2/4/20,Tuesday,10822.71
February,2/5/20,Wednesday,3681.19
February,2/6/20,Thursday,3064.59
February,2/7/20,Friday,5402.15
February,2/8/20,Saturday,32707.41
February,2/9/20,Sunday,3354.49
February,2/10/20,Monday,3842.25
February,2/11/20,Tuesday,1325.23
February,2/12/20,Wednesday,1951.03
February,2/13/20,Thursday,3308.47
February,2/14/20,Friday,3865.25
February,2/15/20,Saturday,2972.56
February,2/16/20,Sunday,1325.23
February,2/17/20,Monday,819.07
February,2/18/20,Tuesday,4132.14
February,2/19/20,Wednesday,377.32
February,2/20/20,Thursday,138.04
February,2/21/20,Friday,1762.37
February,2/22/20,Saturday,2880.53
February,2/23/20,Sunday,3653.59
February,2/24/20,Monday,2471.00
February,2/25/20,Tuesday,3359.09
February,2/26/20,Wednesday,1872.81
February,2/27/20,Thursday,791.46
February,2/28/20,Friday,2839.12
March,3/1/20,Saturday,681.02
March,3/2/20,Sunday,156.45
March,3/3/20,Monday,2843.72
March,3/4/20,Tuesday,1532.30
March,3/5/20,Wednesday,869.68
March,3/6/20,Thursday,1371.24
March,3/7/20,Friday,1343.64
March,3/8/20,Saturday,1937.23
March,3/9/20,Sunday,754.64
March,3/10/20,Monday,1104.36
March,3/11/20,Tuesday,0.00
March,3/12/20,Wednesday,0.00
March,3/13/20,Thursday,1859.00
March,3/14/20,Friday,469.35
March,3/15/20,Saturday,303.70
March,3/16/20,Sunday,943.31
March,3/17/20,Monday,929.50
March,3/18/20,Tuesday,0.00
March,3/19/20,Wednesday,0.00
March,3/20/20,Thursday,1610.52
March,3/21/20,Friday,989.32
March,3/22/20,Saturday,791.46
March,3/23/20,Sunday,1408.06
March,3/24/20,Monday,243.88
March,3/25/20,Tuesday,0.00
March,3/26/20,Wednesday,0.00
March,3/27/20,Thursday,1334.43
March,3/28/20,Friday,276.09
March,3/29/20,Saturday,1532.30
March,3/30/20,Sunday,731.64
March,3/31/20,Monday,-179.46
April,4/1/20,Tuesday,0.00
April,4/2/20,Wednesday,0.00
April,4/3/20,Thursday,1928.03
April,4/4/20,Friday,621.20
April,4/5/20,Saturday,736.24
April,4/6/20,Sunday,653.41
April,4/7/20,Monday,0.00
April,4/8/20,Tuesday,0.00
April,4/9/20,Wednesday,0.00
April,4/10/20,Thursday,0.00
April,4/11/20,Friday,5843.90
April,4/12/20,Saturday,5135.27
April,4/13/20,Sunday,4435.84
April,4/14/20,Monday,6552.53
April,4/15/20,Tuesday,2098.28
April,4/16/20,Wednesday,4905.19
April,4/17/20,Thursday,1905.02
April,4/18/20,Friday,3317.68
April,4/19/20,Saturday,4376.02
April,4/20/20,Sunday,6156.80
April,4/21/20,Monday,7937.58
April,4/22/20,Tuesday,9695.35
April,4/23/20,Wednesday,5402.15
April,4/24/20,Thursday,2871.33
April,4/25/20,Friday,9939.22
April,4/26/20,Saturday,6920.65
April,4/27/20,Sunday,7758.12
April,4/28/20,Monday,7762.72
April,4/29/20,Tuesday,3487.93
April,4/30/20,Wednesday,2323.75
May,5/1/20,Thursday,7100.10
May,5/2/20,Friday,6373.07
May,5/3/20,Saturday,2756.29
May,5/4/20,Sunday,8176.85
May,5/5/20,Monday,7242.75
May,5/6/20,Tuesday,7288.76
May,5/7/20,Wednesday,3984.89
May,5/8/20,Thursday,6842.42
May,5/9/20,Friday,3731.81
May,5/10/20,Saturday,8084.82
May,5/11/20,Sunday,1348.24
May,5/12/20,Monday,6589.34
May,5/13/20,Tuesday,10132.49
May,5/14/20,Wednesday,2737.89
May,5/15/20,Thursday,4504.86
May,5/16/20,Friday,9690.74
May,5/17/20,Saturday,5577.01
May,5/18/20,Sunday,8747.44
May,5/19/20,Monday,7523.44
May,5/20/20,Tuesday,8738.24
May,5/21/20,Wednesday,-335.91
May,5/22/20,Thursday,5204.29
May,5/23/20,Friday,2204.12
May,5/24/20,Saturday,9327.23
May,5/25/20,Sunday,6474.30
May,5/26/20,Monday,9515.89
May,5/27/20,Tuesday,8057.21
May,5/28/20,Wednesday,5866.90
May,5/29/20,Thursday,5107.66
May,5/30/20,Friday,4049.31
May,5/31/20,Saturday,7707.50
June,6/1/20,Sunday,6193.61
June,6/2/20,Monday,6690.57
June,6/3/20,Tuesday,3345.29
June,6/4/20,Wednesday,3317.68
June,6/5/20,Thursday,6175.20
June,6/6/20,Friday,5057.04
June,6/7/20,Saturday,5020.23
June,6/8/20,Sunday,11250.65
June,6/9/20,Monday,8365.51
June,6/10/20,Tuesday,6046.36
June,6/11/20,Wednesday,4247.18
June,6/12/20,Thursday,6322.45
June,6/13/20,Friday,4288.59
June,6/14/20,Saturday,6662.96
June,6/15/20,Sunday,9249.00
June,6/16/20,Monday,9147.77
June,6/17/20,Tuesday,6598.54
June,6/18/20,Wednesday,2075.27
June,6/19/20,Thursday,5986.54
June,6/20/20,Friday,6980.46
June,6/21/20,Saturday,4905.19
June,6/22/20,Sunday,8222.87
June,6/23/20,Monday,6621.55
June,6/24/20,Tuesday,9948.43
June,6/25/20,Wednesday,4210.37
June,6/26/20,Thursday,5259.51
June,6/27/20,Friday,4302.40
June,6/28/20,Saturday,11121.81
June,6/29/20,Sunday,11669.39
June,6/30/20,Monday,13486.98
July,7/1/20,Tuesday,11154.02
July,7/2/20,Wednesday,4882.18
July,7/3/20,Thursday,4320.80
July,7/4/20,Friday,8038.81
July,7/5/20,Saturday,8236.67
July,7/6/20,Sunday,6704.38
July,7/7/20,Monday,6428.29
July,7/8/20,Tuesday,8830.27
July,7/9/20,Wednesday,5369.94
July,7/10/20,Thursday,3994.10
July,7/11/20,Friday,7541.85
July,7/12/20,Saturday,3423.51
July,7/13/20,Sunday,9985.24
July,7/14/20,Monday,5687.45
July,7/15/20,Tuesday,10804.31
July,7/16/20,Wednesday,1605.92
July,7/17/20,Thursday,4569.28
July,7/18/20,Friday,7762.72
July,7/19/20,Saturday,4688.92
July,7/20/20,Sunday,7845.55
July,7/21/20,Monday,6212.02
July,7/22/20,Tuesday,7242.75
July,7/23/20,Wednesday,2392.78
July,7/24/20,Thursday,5784.08
July,7/25/20,Friday,2521.62
July,7/26/20,Saturday,5369.94
July,7/27/20,Sunday,5678.24
July,7/28/20,Monday,7339.38
July,7/29/20,Tuesday,9382.44
July,7/30/20,Wednesday,3377.50
July,7/31/20,Thursday,5604.62
August,8/1/20,Friday,3920.47
August,8/2/20,Saturday,4592.29
August,8/3/20,Sunday,9101.75
August,8/4/20,Monday,10468.40
August,8/5/20,Tuesday,14614.34
August,8/6/20,Wednesday,6258.03
August,8/7/20,Thursday,11646.38
August,8/8/20,Friday,3262.46
August,8/9/20,Saturday,3050.79
August,8/10/20,Sunday,4518.67
August,8/11/20,Monday,3009.38
August,8/12/20,Tuesday,10394.77
August,8/13/20,Wednesday,1182.58
August,8/14/20,Thursday,4247.18
August,8/15/20,Friday,3179.63
August,8/16/20,Saturday,3313.07
August,8/17/20,Sunday,3423.51
August,8/18/20,Monday,7164.52
August,8/19/20,Tuesday,5121.46
August,8/20/20,Wednesday,5530.99
August,8/21/20,Thursday,2659.66
August,8/22/20,Friday,5475.78
August,8/23/20,Saturday,6920.65
August,8/24/20,Sunday,7017.28
August,8/25/20,Monday,13137.26
August,8/26/20,Tuesday,10367.16
August,8/27/20,Wednesday,2282.34
August,8/28/20,Thursday,6745.79
August,8/29/20,Friday,3943.48
August,8/30/20,Saturday,1859.00
August,8/31/20,Sunday,2742.49
September,9/1/20,Monday,7422.21
September,9/2/20,Tuesday,3658.19
September,9/3/20,Wednesday,3073.80
September,9/4/20,Thursday,2309.95
September,9/5/20,Friday,2572.23
September,9/6/20,Saturday,9727.56
September,9/7/20,Sunday,6018.75
September,9/8/20,Monday,5784.08
September,9/9/20,Tuesday,7785.73
September,9/10/20,Wednesday,4118.34
September,9/11/20,Thursday,8144.64
September,9/12/20,Friday,3994.10
September,9/13/20,Saturday,7008.07
September,9/14/20,Sunday,5080.05
September,9/15/20,Monday,6166.00
September,9/16/20,Tuesday,6534.12
September,9/17/20,Wednesday,1182.58
September,9/18/20,Thursday,2908.14
September,9/19/20,Friday,5342.33
September,9/20/20,Saturday,5190.48
September,9/21/20,Sunday,5646.03
September,9/22/20,Monday,9216.79
September,9/23/20,Tuesday,6833.22
September,9/24/20,Wednesday,2627.45
September,9/25/20,Thursday,2618.25
September,9/26/20,Friday,4201.16
September,9/27/20,Saturday,1868.21
September,9/28/20,Sunday,2576.84
September,9/29/20,Monday,1270.01
September,9/30/20,Tuesday,5070.85
October,10/1/20,Wednesday,2829.92
October,10/2/20,Thursday,3184.23
October,10/3/20,Friday,4606.09
October,10/4/20,Saturday,6676.77
October,10/5/20,Sunday,4316.20
October,10/6/20,Monday,5517.19
October,10/7/20,Tuesday,8365.51
October,10/8/20,Wednesday,6690.57
October,10/9/20,Thursday,4242.58
October,10/10/20,Friday,13850.49
October,10/11/20,Saturday,7109.31
October,10/12/20,Sunday,11784.42
October,10/13/20,Monday,8075.62
October,10/14/20,Tuesday,8982.11
October,10/15/20,Wednesday,1739.36
October,10/16/20,Thursday,6327.05
October,10/17/20,Friday,4877.58
October,10/18/20,Saturday,2710.28
October,10/19/20,Sunday,6672.16
October,10/20/20,Monday,3561.56
October,10/21/20,Tuesday,7477.43
October,10/22/20,Wednesday,2990.97
October,10/23/20,Thursday,3349.89
October,10/24/20,Friday,1808.39
October,10/25/20,Saturday,3023.18
October,10/26/20,Sunday,0.00
October,10/27/20,Monday,14641.95
October,10/28/20,Tuesday,10813.51
October,10/29/20,Wednesday,3409.71
October,10/30/20,Thursday,7077.10
October,10/31/20,Friday,8862.48
November,11/1/20,Saturday,2512.42
November,11/2/20,Sunday,10279.74
November,11/3/20,Monday,4491.06
November,11/4/20,Tuesday,10578.83
November,11/5/20,Wednesday,12897.98
November,11/6/20,Thursday,10528.22
November,11/7/20,Friday,9801.18
November,11/8/20,Saturday,11641.78
November,11/9/20,Sunday,9474.47
November,11/10/20,Monday,15497.83
November,11/11/20,Tuesday,8664.61
November,11/12/20,Wednesday,4265.58
November,11/13/20,Thursday,12704.72
November,11/14/20,Friday,12083.52
November,11/15/20,Saturday,19165.22
November,11/16/20,Sunday,11448.51
November,11/17/20,Monday,12649.50
November,11/18/20,Tuesday,20798.75
November,11/19/20,Wednesday,10767.49
November,11/20/20,Thursday,21769.66
November,11/21/20,Friday,25892.60
November,11/22/20,Saturday,21493.57
November,11/23/20,Sunday,23624.07
November,11/24/20,Monday,0.00
November,11/25/20,Tuesday,12672.51
November,11/26/20,Wednesday,5646.03
November,11/27/20,Thursday,11793.63
November,11/28/20,Friday,6230.42
November,11/29/20,Saturday,9515.89
November,11/30/20,Sunday,3483.33
December,12/1/20,Monday,55484.80
December,12/2/20,Tuesday,12097.33
December,12/3/20,Wednesday,2291.54
December,12/4/20,Thursday,4716.53
December,12/5/20,Friday,4836.17
December,12/6/20,Saturday,3175.03
December,12/7/20,Sunday,1679.54
December,12/8/20,Monday,5139.87
December,12/9/20,Tuesday,9939.22
December,12/10/20,Wednesday,2190.31
December,12/11/20,Thursday,4063.12
December,12/12/20,Friday,1569.11
December,12/13/20,Saturday,2162.70
December,12/14/20,Sunday,5866.90
December,12/15/20,Monday,6934.45
December,12/16/20,Tuesday,8241.27
December,12/17/20,Wednesday,1794.58
December,12/18/20,Thursday,5646.03
December,12/19/20,Friday,4164.35
December,12/20/20,Saturday,3653.59
December,12/21/20,Sunday,4670.52
December,12/22/20,Monday,7141.52
December,12/23/20,Tuesday,5549.40
December,12/24/20,Wednesday,2190.31
December,12/25/20,Thursday,2839.12
December,12/26/20,Friday,5314.72
December,12/27/20,Saturday,10735.28
December,12/28/20,Sunday,5503.39
December,12/29/20,Monday,9635.53
December,12/30/20,Tuesday,14996.27
December,12/31/20,Wednesday,7095.50
January,1/1/21,Thursday,4119.39
January,1/2/21,Friday,5710.97
January,1/3/21,Saturday,2194.28
January,1/4/21,Sunday,2498.55
January,1/5/21,Monday,6752.52
January,1/6/21,Tuesday,4610.90
January,1/7/21,Wednesday,7764.81
January,1/8/21,Thursday,1070.81
January,1/9/21,Friday,4277.37
January,1/10/21,Saturday,4119.39
January,1/11/21,Sunday,6249.30
January,1/12/21,Monday,6196.63
January,1/13/21,Tuesday,7864.28
January,1/14/21,Wednesday,11714.50
January,1/15/21,Thursday,1457.00
January,1/16/21,Friday,4973.69
January,1/17/21,Saturday,1293.16
January,1/18/21,Sunday,4534.84
January,1/19/21,Monday,4961.99
January,1/20/21,Tuesday,5827.99
January,1/21/21,Wednesday,12750.20
January,1/22/21,Thursday,5500.32
January,1/23/21,Friday,2820.37
January,1/24/21,Saturday,1860.75
January,1/25/21,Sunday,6050.35
January,1/26/21,Monday,7080.19
January,1/27/21,Tuesday,11831.53
January,1/28/21,Wednesday,5705.12
January,1/29/21,Thursday,3522.54
January,1/30/21,Friday,6530.16
January,1/31/21,Saturday,3557.65
February,2/1/21,Sunday,6781.77
February,2/2/21,Monday,5295.52
February,2/3/21,Tuesday,8197.81
February,2/4/21,Wednesday,9403.20
February,2/5/21,Thursday,3270.93
February,2/6/21,Friday,5757.78
February,2/7/21,Saturday,8689.33
February,2/8/21,Sunday,24014.15
February,2/9/21,Monday,6225.89
February,2/10/21,Tuesday,7624.37
February,2/11/21,Wednesday,16565.31
February,2/12/21,Thursday,2422.48
February,2/13/21,Friday,7794.06
February,2/14/21,Saturday,6132.27
February,2/15/21,Sunday,11895.90
February,2/16/21,Monday,7167.97
February,2/17/21,Tuesday,10210.69
February,2/18/21,Wednesday,13920.48
February,2/19/21,Thursday,6506.76
February,2/20/21,Friday,9502.67
February,2/21/21,Saturday,3493.29
February,2/22/21,Sunday,6916.35
February,2/23/21,Monday,10918.71
February,2/24/21,Tuesday,15904.11
February,2/25/21,Wednesday,8361.65
February,2/26/21,Thursday,3750.75
February,2/27/21,Friday,4277.37
February,2/28/21,Saturday,10789.98
March,3/1/21,Sunday,6430.69
March,3/2/21,Monday,11451.19
March,3/3/21,Tuesday,11515.56
March,3/4/21,Wednesday,10368.68
March,3/5/21,Thursday,0.00
March,3/6/21,Friday,2949.11
March,3/7/21,Saturday,7665.33
March,3/8/21,Sunday,9701.62
March,3/9/21,Monday,5757.78
March,3/10/21,Tuesday,6032.79
March,3/11/21,Wednesday,7758.96
March,3/12/21,Thursday,3657.13
March,3/13/21,Friday,10117.07
March,3/14/21,Saturday,9929.83
March,3/15/21,Sunday,9526.08
March,3/16/21,Monday,6799.33
March,3/17/21,Tuesday,14464.66
March,3/18/21,Wednesday,11451.19
March,3/19/21,Thursday,4172.05
March,3/20/21,Friday,8888.28
March,3/21/21,Saturday,7478.09
March,3/22/21,Sunday,8747.84
March,3/23/21,Monday,8279.73
March,3/24/21,Tuesday,14499.77
March,3/25/21,Wednesday,10901.16
March,3/26/21,Thursday,5330.63
March,3/27/21,Friday,2674.09
March,3/28/21,Saturday,8010.57
March,3/29/21,Sunday,8104.19
March,3/30/21,Monday,8496.23
March,3/31/21,Tuesday,11439.49
April,4/1/21,Wednesday,16184.97
April,4/2/21,Thursday,9409.05
April,4/3/21,Friday,3569.35
April,4/4/21,Saturday,10649.55
April,4/5/21,Sunday,10672.95
April,4/6/21,Monday,10807.54
April,4/7/21,Tuesday,15406.74
April,4/8/21,Wednesday,13101.28
April,4/9/21,Thursday,4189.60
April,4/10/21,Friday,10561.78
April,4/11/21,Saturday,4528.98
April,4/12/21,Sunday,6617.93
April,4/13/21,Monday,9707.47
April,4/14/21,Tuesday,9689.92
April,4/15/21,Wednesday,11784.72
April,4/16/21,Thursday,3657.13
April,4/17/21,Friday,8069.08
April,4/18/21,Saturday,4862.51
April,4/19/21,Sunday,49420.92
April,4/20/21,Monday,7957.90
April,4/21/21,Tuesday,9531.93
April,4/22/21,Wednesday,11410.23
April,4/23/21,Thursday,6325.36
April,4/24/21,Friday,11708.65
April,4/25/21,Saturday,3434.77
April,4/26/21,Sunday,13148.10
April,4/27/21,Monday,7864.28
April,4/28/21,Tuesday,8180.26
April,4/29/21,Wednesday,10801.68
April,4/30/21,Thursday,8162.70
May,5/1/21,Friday,9684.07
May,5/2/21,Saturday,4862.51
May,5/3/21,Sunday,9801.10
May,5/4/21,Monday,11392.68
May,5/5/21,Tuesday,13756.64
May,5/6/21,Wednesday,12001.22
May,5/7/21,Thursday,5418.40
May,5/8/21,Friday,7478.09
May,5/9/21,Saturday,22007.12
May,5/10/21,Sunday,14066.77
May,5/11/21,Monday,16471.69
May,5/12/21,Tuesday,16044.54
May,5/13/21,Wednesday,15687.60
May,5/14/21,Thursday,10058.56
May,5/15/21,Friday,12106.55
May,5/16/21,Saturday,11375.12
May,5/17/21,Sunday,7150.41
May,5/18/21,Monday,9684.07
May,5/19/21,Tuesday,14195.50
May,5/20/21,Wednesday,20591.08
May,5/21/21,Thursday,3247.53
May,5/22/21,Friday,11480.45
May,5/23/21,Saturday,14101.87
May,5/24/21,Sunday,10637.85
May,5/25/21,Monday,4926.88
May,5/26/21,Tuesday,12527.85
May,5/27/21,Wednesday,8355.80
May,5/28/21,Thursday,3499.14
May,5/29/21,Friday,4827.41
May,5/30/21,Saturday,8414.31
May,5/31/21,Sunday,8256.33
June,6/1/21,Monday,9666.51
June,6/2/21,Tuesday,17712.19
June,6/3/21,Wednesday,12562.96
June,6/4/21,Thursday,433.00
June,6/5/21,Friday,11819.83
June,6/6/21,Saturday,12346.45
June,6/7/21,Sunday,10860.20
June,6/8/21,Monday,12188.47
June,6/9/21,Tuesday,13932.18
June,6/10/21,Wednesday,18139.34
June,6/11/21,Thursday,7916.94
June,6/12/21,Friday,9215.96
June,6/13/21,Saturday,10766.58
June,6/14/21,Sunday,8548.90
June,6/15/21,Monday,8923.39
June,6/16/21,Tuesday,14610.95
June,6/17/21,Wednesday,9473.42
June,6/18/21,Thursday,8402.61
June,6/19/21,Friday,6448.24
June,6/20/21,Saturday,9485.12
June,6/21/21,Sunday,13487.48
June,6/22/21,Monday,6617.93
June,6/23/21,Tuesday,14447.11
June,6/24/21,Wednesday,14921.07
June,6/25/21,Thursday,3926.29
June,6/26/21,Friday,7641.93
June,6/27/21,Saturday,14587.54
June,6/28/21,Sunday,14804.04
June,6/29/21,Monday,9877.16
June,6/30/21,Tuesday,9093.08
July,7/1/21,Wednesday,19069.71
July,7/2/21,Thursday,6214.19
July,7/3/21,Friday,7337.66
July,7/4/21,Saturday,13850.26
July,7/5/21,Sunday,6495.05
July,7/6/21,Monday,11070.85
July,7/7/21,Tuesday,10321.87
July,7/8/21,Wednesday,14131.13
July,7/9/21,Thursday,8191.96
July,7/10/21,Friday,7823.32
July,7/11/21,Saturday,4950.28
July,7/12/21,Sunday,14189.65
July,7/13/21,Monday,13382.15
July,7/14/21,Tuesday,11369.27
July,7/15/21,Wednesday,15605.68
July,7/16/21,Thursday,4874.22
July,7/17/21,Friday,9695.77
July,7/18/21,Saturday,13458.22
July,7/19/21,Sunday,10204.84
July,7/20/21,Monday,4640.16
July,7/21/21,Tuesday,11585.77
July,7/22/21,Wednesday,12867.23
July,7/23/21,Thursday,6173.23
July,7/24/21,Friday,6922.21
July,7/25/21,Saturday,8665.92
July,7/26/21,Sunday,7448.83
July,7/27/21,Monday,7823.32
July,7/28/21,Tuesday,9912.27
July,7/29/21,Wednesday,16290.30
July,7/30/21,Thursday,8355.80
July,7/31/21,Friday,8314.84
August,8/1/21,Saturday,6723.26
August,8/2/21,Sunday,7835.02
August,8/3/21,Monday,9362.24
August,8/4/21,Tuesday,7261.59
August,8/5/21,Wednesday,12650.73
August,8/6/21,Thursday,7086.05
August,8/7/21,Friday,15956.77
August,8/8/21,Saturday,4148.64
August,8/9/21,Sunday,10041.00
August,8/10/21,Monday,10245.80
August,8/11/21,Tuesday,10690.51
August,8/12/21,Wednesday,10637.85
August,8/13/21,Thursday,4441.21
August,8/14/21,Friday,7969.61
August,8/15/21,Saturday,8466.98
August,8/16/21,Sunday,6465.80
August,8/17/21,Monday,16869.59
August,8/18/21,Tuesday,8677.63
August,8/19/21,Wednesday,10269.21
August,8/20/21,Thursday,7723.85
August,8/21/21,Friday,7156.26
August,8/22/21,Saturday,3604.46
August,8/23/21,Sunday,9935.68
August,8/24/21,Monday,12955.00
August,8/25/21,Tuesday,10339.42
August,8/26/21,Wednesday,11486.30
August,8/27/21,Thursday,2697.50
August,8/28/21,Friday,9473.42
August,8/29/21,Saturday,4189.60
August,8/30/21,Sunday,5792.89
August,8/31/21,Monday,11380.97
September,9/1/21,Tuesday,8338.25
September,9/2/21,Wednesday,10713.91
September,9/3/21,Thursday,4060.87
September,9/4/21,Friday,7489.79
September,9/5/21,Saturday,6067.90
September,9/6/21,Sunday,34078.55
September,9/7/21,Monday,7284.99
September,9/8/21,Tuesday,12112.40
September,9/9/21,Wednesday,6963.17
September,9/10/21,Thursday,2709.20
September,9/11/21,Friday,6079.60
September,9/12/21,Saturday,6951.46
September,9/13/21,Sunday,5845.55
September,9/14/21,Monday,7296.70
September,9/15/21,Tuesday,14066.77
September,9/16/21,Wednesday,9403.20
September,9/17/21,Thursday,6348.77
September,9/18/21,Friday,4101.83
September,9/19/21,Saturday,5389.14
September,9/20/21,Sunday,7261.59
September,9/21/21,Monday,6910.50
September,9/22/21,Tuesday,10778.28
September,9/23/21,Wednesday,9414.90
September,9/24/21,Thursday,5254.56
September,9/25/21,Friday,3651.27
September,9/26/21,Saturday,4382.70
September,9/27/21,Sunday,3943.84
September,9/28/21,Monday,9245.21
September,9/29/21,Tuesday,10684.66
September,9/30/21,Wednesday,5348.18
October,10/1/21,Thursday,4265.67
October,10/2/21,Friday,7466.39
October,10/3/21,Saturday,5974.28
October,10/4/21,Sunday,36934.04
October,10/5/21,Monday,4997.10
October,10/6/21,Tuesday,7794.06
October,10/7/21,Wednesday,13604.51
October,10/8/21,Thursday,2434.18
October,10/9/21,Friday,8507.94
October,10/10/21,Saturday,7074.34
October,10/11/21,Sunday,11047.44
October,10/12/21,Monday,14236.46
October,10/13/21,Tuesday,15792.93
October,10/14/21,Wednesday,13780.05
October,10/15/21,Thursday,5857.25
October,10/16/21,Friday,6418.99
October,10/17/21,Saturday,10503.26
October,10/18/21,Sunday,10596.89
October,10/19/21,Monday,9596.30
October,10/20/21,Tuesday,4745.49
October,10/21/21,Wednesday,12902.34
October,10/22/21,Thursday,7390.32
October,10/23/21,Friday,5705.12
October,10/24/21,Saturday,9145.74
October,10/25/21,Sunday,5699.26
October,10/26/21,Monday,0.00
October,10/27/21,Tuesday,15798.78
October,10/28/21,Wednesday,16898.84
October,10/29/21,Thursday,7969.61
October,10/30/21,Friday,8993.60
October,10/31/21,Saturday,7115.30
November,11/1/21,Sunday,18227.11
November,11/2/21,Monday,12990.11
November,11/3/21,Tuesday,9941.53
November,11/4/21,Wednesday,16243.49
November,11/5/21,Thursday,4821.55
November,11/6/21,Friday,14107.73
November,11/7/21,Saturday,11954.41
November,11/8/21,Sunday,11246.39
November,11/9/21,Monday,9362.24
November,11/10/21,Tuesday,18092.53
November,11/11/21,Wednesday,22826.31
November,11/12/21,Thursday,5324.77
November,11/13/21,Friday,17513.24
November,11/14/21,Saturday,18554.79
November,11/15/21,Sunday,14306.67
November,11/16/21,Monday,15412.59
November,11/17/21,Tuesday,30550.16
November,11/18/21,Wednesday,36980.85
November,11/19/21,Thursday,22463.52
November,11/20/21,Friday,28976.13
November,11/21/21,Saturday,22925.79
November,11/22/21,Sunday,36898.93
November,11/23/21,Monday,41463.02
November,11/24/21,Tuesday,32990.19
November,11/25/21,Wednesday,0.00
November,11/26/21,Thursday,4002.36
November,11/27/21,Friday,5775.33
November,11/28/21,Saturday,9139.89
November,11/29/21,Sunday,11211.28
November,11/30/21,Monday,11936.86
December,12/1/21,Tuesday,5500.32
December,12/2/21,Wednesday,25436.04
December,12/3/21,Thursday,4166.20
December,12/4/21,Friday,8028.12
December,12/5/21,Saturday,6834.44
December,12/6/21,Sunday,5090.72
December,12/7/21,Monday,7308.40
December,12/8/21,Tuesday,9356.39
December,12/9/21,Wednesday,11334.16
December,12/10/21,Thursday,2129.91
December,12/11/21,Friday,3949.70
December,12/12/21,Saturday,12346.45
December,12/13/21,Sunday,3668.83
December,12/14/21,Monday,4786.45
December,12/15/21,Tuesday,4049.17
December,12/16/21,Wednesday,11609.18
December,12/17/21,Thursday,3083.69
December,12/18/21,Friday,7483.94
December,12/19/21,Saturday,5324.77
December,12/20/21,Sunday,7998.86
December,12/21/21,Monday,7524.90
December,12/22/21,Tuesday,9368.09
December,12/23/21,Wednesday,12668.28
December,12/24/21,Thursday,4540.69
December,12/25/21,Friday,4558.24
December,12/26/21,Saturday,6536.01
December,12/27/21,Sunday,7361.06
December,12/28/21,Monday,6471.65
December,12/29/21,Tuesday,9467.57
December,12/30/21,Wednesday,13575.25
December,12/31/21,Thursday,9227.66
January,1/1/22,Friday,5903.35
January,1/2/22,Saturday,3967.05
January,1/3/22,Sunday,4827.63
January,1/4/22,Monday,8584.78
January,1/5/22,Tuesday,5751.17
January,1/6/22,Wednesday,7341.14
January,1/7/22,Thursday,12231.74
January,1/8/22,Friday,4392.09
January,1/9/22,Saturday,4880.10
January,1/10/22,Sunday,10725.73
January,1/11/22,Monday,12882.42
January,1/12/22,Tuesday,9954.36
January,1/13/22,Wednesday,10956.61
January,1/14/22,Thursday,9807.43
January,1/15/22,Friday,4051.01
January,1/16/22,Saturday,10400.39
January,1/17/22,Sunday,9067.54
January,1/18/22,Monday,3237.66
January,1/19/22,Tuesday,3536.76
January,1/20/22,Wednesday,11701.75
January,1/21/22,Thursday,8778.93
January,1/22/22,Friday,5084.75
January,1/23/22,Saturday,13302.21
January,1/24/22,Sunday,5929.58
January,1/25/22,Monday,1652.94
January,1/26/22,Tuesday,4901.09
January,1/27/22,Wednesday,3447.55
January,1/28/22,Thursday,9807.43
January,1/29/22,Friday,2172.43
January,1/30/22,Saturday,5682.96
January,1/31/22,Sunday,10106.53
February,2/1/22,Monday,21000.17
February,2/2/22,Tuesday,9524.07
February,2/3/22,Wednesday,7834.40
February,2/4/22,Thursday,12724.99
February,2/5/22,Friday,8511.32
February,2/6/22,Saturday,3384.59
February,2/7/22,Sunday,2744.40
February,2/8/22,Monday,3442.31
February,2/9/22,Tuesday,6973.82
February,2/10/22,Wednesday,9749.71
February,2/11/22,Thursday,11481.35
February,2/12/22,Friday,3956.55
February,2/13/22,Saturday,8532.30
February,2/14/22,Sunday,2366.59
February,2/15/22,Monday,3563.00
February,2/16/22,Tuesday,7797.67
February,2/17/22,Wednesday,9214.47
February,2/18/22,Thursday,15700.28
February,2/19/22,Friday,5913.84
February,2/20/22,Saturday,8401.12
February,2/21/22,Sunday,5326.13
February,2/22/22,Monday,3227.16
February,2/23/22,Tuesday,1799.87
February,2/24/22,Wednesday,11633.53
February,2/25/22,Thursday,6223.44
February,2/26/22,Friday,6302.15
February,2/27/22,Saturday,5074.26
February,2/28/22,Sunday,5252.67
March,3/1/22,Monday,13564.58
March,3/2/22,Tuesday,5320.88
March,3/3/22,Wednesday,9828.42
March,3/4/22,Thursday,8673.99
March,3/5/22,Friday,7036.79
March,3/6/22,Saturday,8317.16
March,3/7/22,Sunday,9775.94
March,3/8/22,Monday,9392.88
March,3/9/22,Tuesday,9025.56
March,3/10/22,Wednesday,13701.01
March,3/11/22,Thursday,9859.90
March,3/12/22,Friday,4565.26
March,3/13/22,Saturday,4754.16
March,3/14/22,Sunday,4281.89
March,3/15/22,Monday,4203.18
March,3/16/22,Tuesday,9728.72
March,3/17/22,Wednesday,9817.92
March,3/18/22,Thursday,13522.60
March,3/19/22,Friday,0.00
March,3/20/22,Saturday,8584.78
March,3/21/22,Sunday,6464.82
March,3/22/22,Monday,3625.97
March,3/23/22,Tuesday,8222.71
March,3/24/22,Wednesday,6643.23
March,3/25/22,Thursday,10652.26
March,3/26/22,Friday,6254.92
March,3/27/22,Saturday,8002.32
March,3/28/22,Sunday,6617.00
March,3/29/22,Monday,9949.11
March,3/30/22,Tuesday,9949.11
March,3/31/22,Wednesday,16938.67
April,4/1/22,Thursday,12987.36
April,4/2/22,Friday,9051.80
April,4/3/22,Saturday,8841.90
April,4/4/22,Sunday,9015.07
April,4/5/22,Monday,10736.22
April,4/6/22,Tuesday,8327.66
April,4/7/22,Wednesday,9676.24
April,4/8/22,Thursday,9282.69
April,4/9/22,Friday,2844.10
April,4/10/22,Saturday,2245.90
April,4/11/22,Sunday,8715.96
April,4/12/22,Monday,3967.05
April,4/13/22,Tuesday,8238.45
April,4/14/22,Wednesday,10179.99
April,4/15/22,Thursday,13039.84
April,4/16/22,Friday,5053.27
April,4/17/22,Saturday,5142.47
April,4/18/22,Sunday,7745.19
April,4/19/22,Monday,51225.31
April,4/20/22,Tuesday,6155.22
April,4/21/22,Wednesday,18035.38
April,4/22/22,Thursday,10505.33
April,4/23/22,Friday,4969.31
April,4/24/22,Saturday,3421.32
April,4/25/22,Sunday,7960.34
April,4/26/22,Monday,9083.28
April,4/27/22,Tuesday,9030.81
April,4/28/22,Wednesday,10694.24
April,4/29/22,Thursday,7099.76
April,4/30/22,Friday,6517.30
May,5/1/22,Saturday,12084.81
May,5/2/22,Sunday,5599.00
May,5/3/22,Monday,9781.19
May,5/4/22,Tuesday,13517.35
May,5/5/22,Wednesday,8763.19
May,5/6/22,Thursday,6370.37
May,5/7/22,Friday,1589.97
May,5/8/22,Saturday,6391.36
May,5/9/22,Sunday,10064.55
May,5/10/22,Monday,8899.62
May,5/11/22,Tuesday,10893.64
May,5/12/22,Wednesday,13895.17
May,5/13/22,Thursday,15763.25
May,5/14/22,Friday,6527.79
May,5/15/22,Saturday,6884.62
May,5/16/22,Sunday,11481.35
May,5/17/22,Monday,4497.04
May,5/18/22,Tuesday,8039.05
May,5/19/22,Wednesday,12945.39
May,5/20/22,Thursday,10940.87
May,5/21/22,Friday,1679.17
May,5/22/22,Saturday,8726.46
May,5/23/22,Sunday,5997.80
May,5/24/22,Monday,6973.82
May,5/25/22,Tuesday,7708.46
May,5/26/22,Wednesday,12850.93
May,5/27/22,Thursday,7923.60
May,5/28/22,Friday,5924.34
May,5/29/22,Saturday,6937.09
May,5/30/22,Sunday,8684.48
May,5/31/22,Monday,9618.52
June,6/1/22,Tuesday,7897.37
June,6/2/22,Wednesday,11544.32
June,6/3/22,Thursday,10578.80
June,6/4/22,Friday,5095.24
June,6/5/22,Saturday,5730.18
June,6/6/22,Sunday,6139.48
June,6/7/22,Monday,6700.96
June,6/8/22,Tuesday,7750.44
June,6/9/22,Wednesday,7362.13
June,6/10/22,Thursday,14818.71
June,6/11/22,Friday,6842.64
June,6/12/22,Saturday,5006.04
June,6/13/22,Sunday,6149.98
June,6/14/22,Monday,7178.47
June,6/15/22,Tuesday,14136.55
June,6/16/22,Wednesday,6071.26
June,6/17/22,Thursday,16361.46
June,6/18/22,Friday,8180.73
June,6/19/22,Saturday,5955.82
June,6/20/22,Sunday,5777.41
June,6/21/22,Monday,11376.41
June,6/22/22,Tuesday,13433.40
June,6/23/22,Wednesday,12284.21
June,6/24/22,Thursday,8952.10
June,6/25/22,Friday,5530.78
June,6/26/22,Saturday,6296.90
June,6/27/22,Sunday,9534.56
June,6/28/22,Monday,7162.73
June,6/29/22,Tuesday,8862.89
June,6/30/22,Wednesday,13459.63
July,7/1/22,Thursday,9219.72
July,7/2/22,Friday,3925.07
July,7/3/22,Saturday,2980.53
July,7/4/22,Sunday,10148.51
July,7/5/22,Monday,6239.18
July,7/6/22,Tuesday,8616.26
July,7/7/22,Wednesday,9702.48
July,7/8/22,Thursday,13113.30
July,7/9/22,Friday,4192.69
July,7/10/22,Saturday,2529.26
July,7/11/22,Sunday,14792.48
July,7/12/22,Monday,6045.03
July,7/13/22,Tuesday,7183.72
July,7/14/22,Wednesday,7802.91
July,7/15/22,Thursday,9329.91
July,7/16/22,Friday,3741.41
July,7/17/22,Saturday,12226.49
July,7/18/22,Sunday,8778.93
July,7/19/22,Monday,6149.98
July,7/20/22,Tuesday,9088.53
July,7/21/22,Wednesday,12184.51
July,7/22/22,Thursday,10678.50
July,7/23/22,Friday,4617.73
July,7/24/22,Saturday,13291.71
July,7/25/22,Sunday,5824.64
July,7/26/22,Monday,7514.31
July,7/27/22,Tuesday,7902.61
July,7/28/22,Wednesday,8327.66
July,7/29/22,Thursday,13433.40
July,7/30/22,Friday,3311.12
July,7/31/22,Saturday,3594.48
August,8/1/22,Sunday,8952.10
August,8/2/22,Monday,10064.55
August,8/3/22,Tuesday,4995.54
August,8/4/22,Wednesday,6228.69
August,8/5/22,Thursday,11958.87
August,8/6/22,Friday,8495.57
August,8/7/22,Saturday,7629.75
August,8/8/22,Sunday,9408.62
August,8/9/22,Monday,6858.38
August,8/10/22,Tuesday,5441.57
August,8/11/22,Wednesday,7461.83
August,8/12/22,Thursday,5877.11
August,8/13/22,Friday,3657.45
August,8/14/22,Saturday,7587.77
August,8/15/22,Sunday,6149.98
August,8/16/22,Monday,3521.02
August,8/17/22,Tuesday,5887.61
August,8/18/22,Wednesday,10368.90
August,8/19/22,Thursday,8259.44
August,8/20/22,Friday,2723.41
August,8/21/22,Saturday,6464.82
August,8/22/22,Sunday,4890.60
August,8/23/22,Monday,4061.50
August,8/24/22,Tuesday,9880.89
August,8/25/22,Wednesday,4995.54
August,8/26/22,Thursday,6039.78
August,8/27/22,Friday,1490.27
August,8/28/22,Saturday,5850.87
August,8/29/22,Sunday,5189.70
August,8/30/22,Monday,3106.47
August,8/31/22,Tuesday,3316.37
September,9/1/22,Wednesday,5289.40
September,9/2/22,Thursday,8427.36
September,9/3/22,Friday,4350.11
September,9/4/22,Saturday,4712.18
September,9/5/22,Sunday,8264.69
September,9/6/22,Monday,14220.51
September,9/7/22,Tuesday,7960.34
September,9/8/22,Wednesday,10458.11
September,9/9/22,Thursday,9566.05
September,9/10/22,Friday,3893.59
September,9/11/22,Saturday,7907.86
September,9/12/22,Sunday,4161.20
September,9/13/22,Monday,7356.88
September,9/14/22,Tuesday,6102.75
September,9/15/22,Wednesday,6066.02
September,9/16/22,Thursday,6464.82
September,9/17/22,Friday,3930.32
September,9/18/22,Saturday,6800.66
September,9/19/22,Sunday,4512.78
September,9/20/22,Monday,5835.13
September,9/21/22,Tuesday,5677.71
September,9/22/22,Wednesday,8075.78
September,9/23/22,Thursday,8548.05
September,9/24/22,Friday,3725.67
September,9/25/22,Saturday,5572.76
September,9/26/22,Sunday,3064.49
September,9/27/22,Monday,6359.87
September,9/28/22,Tuesday,12200.25
September,9/29/22,Wednesday,4528.52
September,9/30/22,Thursday,9891.39
October,10/1/22,Friday,2277.38
October,10/2/22,Saturday,4297.64
October,10/3/22,Sunday,7561.53
October,10/4/22,Monday,27302.33
October,10/5/22,Tuesday,4838.12
October,10/6/22,Wednesday,9240.71
October,10/7/22,Thursday,7556.28
October,10/8/22,Friday,1406.31
October,10/9/22,Saturday,6543.53
October,10/10/22,Sunday,11229.48
October,10/11/22,Monday,8883.88
October,10/12/22,Tuesday,13050.33
October,10/13/22,Wednesday,8616.26
October,10/14/22,Thursday,17862.22
October,10/15/22,Friday,7157.48
October,10/16/22,Saturday,4523.28
October,10/17/22,Sunday,5520.29
October,10/18/22,Monday,12126.79
October,10/19/22,Tuesday,6176.21
October,10/20/22,Wednesday,8673.99
October,10/21/22,Thursday,9529.31
October,10/22/22,Friday,2896.58
October,10/23/22,Saturday,3799.13
October,10/24/22,Sunday,8380.13
October,10/25/22,Monday,5908.59
October,10/26/22,Tuesday,0.00
October,10/27/22,Wednesday,14446.15
October,10/28/22,Thursday,13155.28
October,10/29/22,Friday,2770.64
October,10/30/22,Saturday,6443.83
October,10/31/22,Sunday,3473.79
November,11/1/22,Monday,8731.71
November,11/2/22,Tuesday,8096.77
November,11/3/22,Wednesday,8123.01
November,11/4/22,Thursday,18680.82
November,11/5/22,Friday,8925.86
November,11/6/22,Saturday,8626.76
November,11/7/22,Sunday,8894.38
November,11/8/22,Monday,12168.77
November,11/9/22,Tuesday,11208.49
November,11/10/22,Wednesday,16361.46
November,11/11/22,Thursday,16183.04
November,11/12/22,Friday,4906.34
November,11/13/22,Saturday,8364.39
November,11/14/22,Sunday,12163.52
November,11/15/22,Monday,19504.66
November,11/16/22,Tuesday,15269.99
November,11/17/22,Wednesday,19069.12
November,11/18/22,Thursday,21409.47
November,11/19/22,Friday,15186.03
November,11/20/22,Saturday,18413.20
November,11/21/22,Sunday,28078.94
November,11/22/22,Monday,26142.65
November,11/23/22,Tuesday,25948.49
November,11/24/22,Wednesday,26011.46
November,11/25/22,Thursday,23387.75
November,11/26/22,Friday,0.00
November,11/27/22,Saturday,10101.28
November,11/28/22,Sunday,5913.84
November,11/29/22,Monday,15532.36
November,11/30/22,Tuesday,13454.38
December,12/1/22,Wednesday,14288.72
December,12/2/22,Thursday,9765.45
December,12/3/22,Friday,8595.27
December,12/4/22,Saturday,10269.20
December,12/5/22,Sunday,7614.01
December,12/6/22,Monday,9356.15
December,12/7/22,Tuesday,9303.68
December,12/8/22,Wednesday,9613.27
December,12/9/22,Thursday,11502.34
December,12/10/22,Friday,5373.36
December,12/11/22,Saturday,4087.74
December,12/12/22,Sunday,8999.33
December,12/13/22,Monday,2518.76
December,12/14/22,Tuesday,5090.00
December,12/15/22,Wednesday,6690.46
December,12/16/22,Thursday,11449.87
December,12/17/22,Friday,3646.96
December,12/18/22,Saturday,13895.17
December,12/19/22,Sunday,5714.44
December,12/20/22,Monday,8763.19
December,12/21/22,Tuesday,7010.55
December,12/22/22,Wednesday,10148.51
December,12/23/22,Thursday,9104.27
December,12/24/22,Friday,2513.51
December,12/25/22,Saturday,9434.86
December,12/26/22,Sunday,5399.60
December,12/27/22,Monday,4643.97
December,12/28/22,Tuesday,7907.86
December,12/29/22,Wednesday,4607.23
December,12/30/22,Thursday,11832.93
December,12/31/22,Friday,12299.95
January,1/1/23,Saturday,4567.43
January,1/2/23,Sunday,5108.52
January,1/3/23,Monday,7368.37
January,1/4/23,Tuesday,9458.46
January,1/5/23,Wednesday,8927.98
January,1/6/23,Thursday,6524.90
January,1/7/23,Friday,6530.21
January,1/8/23,Saturday,2042.35
January,1/9/23,Sunday,3755.80
January,1/10/23,Monday,5034.26
January,1/11/23,Tuesday,6089.91
January,1/12/23,Wednesday,8042.08
January,1/13/23,Thursday,5808.76
January,1/14/23,Friday,17537.67
January,1/15/23,Saturday,1724.06
January,1/16/23,Sunday,5076.69
January,1/17/23,Monday,10705.09
January,1/18/23,Tuesday,5267.67
January,1/19/23,Wednesday,7092.52
January,1/20/23,Thursday,10116.25
January,1/21/23,Friday,14980.76
January,1/22/23,Saturday,5113.83
January,1/23/23,Sunday,10461.07
January,1/24/23,Monday,2254.54
January,1/25/23,Tuesday,5925.46
January,1/26/23,Wednesday,2233.32
January,1/27/23,Thursday,6593.87
January,1/28/23,Friday,12073.72
January,1/29/23,Saturday,1708.15
January,1/30/23,Sunday,1777.11
January,1/31/23,Monday,6153.57
February,2/1/23,Tuesday,14991.36
February,2/2/23,Wednesday,4376.46
February,2/3/23,Thursday,2721.36
February,2/4/23,Friday,11458.37
February,2/5/23,Saturday,2822.15
February,2/6/23,Sunday,5782.23
February,2/7/23,Monday,6556.73
February,2/8/23,Tuesday,7527.51
February,2/9/23,Wednesday,6487.77
February,2/10/23,Thursday,4641.70
February,2/11/23,Friday,8248.96
February,2/12/23,Saturday,1575.53
February,2/13/23,Sunday,8673.35
February,2/14/23,Monday,6763.62
February,2/15/23,Tuesday,4349.94
February,2/16/23,Wednesday,5973.20
February,2/17/23,Thursday,8599.08
February,2/18/23,Friday,6896.24
February,2/19/23,Saturday,5739.79
February,2/20/23,Sunday,4678.83
February,2/21/23,Monday,5432.12
February,2/22/23,Tuesday,6254.36
February,2/23/23,Wednesday,6551.43
February,2/24/23,Thursday,5761.01
February,2/25/23,Friday,12614.81
February,2/26/23,Saturday,4657.61
February,2/27/23,Sunday,4116.52
February,2/28/23,Monday,4286.28
March,3/1/23,Tuesday,11792.57
March,3/2/23,Wednesday,7888.24
March,3/3/23,Thursday,5617.78
March,3/4/23,Friday,3888.42
March,3/5/23,Saturday,3188.18
March,3/6/23,Sunday,2785.02
March,3/7/23,Monday,5803.45
March,3/8/23,Tuesday,11044.59
March,3/9/23,Wednesday,9803.27
March,3/10/23,Thursday,10609.60
March,3/11/23,Friday,0.00
March,3/12/23,Saturday,4413.59
March,3/13/23,Sunday,9373.58
March,3/14/23,Monday,4174.88
March,3/15/23,Tuesday,4312.80
March,3/16/23,Wednesday,14864.05
March,3/17/23,Thursday,10148.08
March,3/18/23,Friday,5007.73
March,3/19/23,Saturday,11171.91
March,3/20/23,Sunday,7347.15
March,3/21/23,Monday,5410.90
March,3/22/23,Tuesday,5357.85
March,3/23/23,Wednesday,7304.71
March,3/24/23,Thursday,6031.56
March,3/25/23,Friday,8901.45
March,3/26/23,Saturday,3734.58
March,3/27/23,Sunday,6875.02
March,3/28/23,Monday,8111.04
March,3/29/23,Tuesday,10965.02
March,3/30/23,Wednesday,9315.23
March,3/31/23,Thursday,5851.19
April,4/1/23,Friday,2217.41
April,4/2/23,Saturday,8073.91
April,4/3/23,Sunday,6604.48
April,4/4/23,Monday,6604.48
April,4/5/23,Tuesday,3978.60
April,4/6/23,Wednesday,9909.37
April,4/7/23,Thursday,9856.32
April,4/8/23,Friday,164.45
April,4/9/23,Saturday,3395.07
April,4/10/23,Sunday,7055.38
April,4/11/23,Monday,7601.78
April,4/12/23,Tuesday,8057.99
April,4/13/23,Wednesday,8668.04
April,4/14/23,Thursday,20306.77
April,4/15/23,Friday,3182.88
April,4/16/23,Saturday,9097.73
April,4/17/23,Sunday,4440.12
April,4/18/23,Monday,24343.73
April,4/19/23,Tuesday,4997.12
April,4/20/23,Wednesday,6965.20
April,4/21/23,Thursday,8498.29
April,4/22/23,Friday,7644.22
April,4/23/23,Saturday,12954.32
April,4/24/23,Sunday,7193.31
April,4/25/23,Monday,6201.31
April,4/26/23,Tuesday,5421.51
April,4/27/23,Wednesday,6461.25
April,4/28/23,Thursday,7352.45
April,4/29/23,Friday,6928.07
April,4/30/23,Saturday,6710.57
May,5/1/23,Sunday,5145.66
May,5/2/23,Monday,5670.83
May,5/3/23,Tuesday,4445.42
May,5/4/23,Wednesday,11728.91
May,5/5/23,Thursday,9564.55
May,5/6/23,Friday,8233.05
May,5/7/23,Saturday,6795.45
May,5/8/23,Sunday,5729.18
May,5/9/23,Monday,8275.49
May,5/10/23,Tuesday,6853.80
May,5/11/23,Wednesday,7787.45
May,5/12/23,Thursday,13113.47
May,5/13/23,Friday,5103.22
May,5/14/23,Saturday,7925.37
May,5/15/23,Sunday,8694.57
May,5/16/23,Monday,5888.33
May,5/17/23,Tuesday,8742.31
May,5/18/23,Wednesday,6885.63
May,5/19/23,Thursday,10169.30
May,5/20/23,Friday,1241.32
May,5/21/23,Saturday,7808.67
May,5/22/23,Sunday,6015.64
May,5/23/23,Monday,5761.01
May,5/24/23,Tuesday,9203.83
May,5/25/23,Wednesday,9548.64
May,5/26/23,Thursday,9447.85
May,5/27/23,Friday,3787.63
May,5/28/23,Saturday,4238.54
May,5/29/23,Sunday,4471.95
May,5/30/23,Monday,9930.59
May,5/31/23,Tuesday,11113.56
June,6/1/23,Wednesday,8026.16
June,6/2/23,Thursday,7373.67
June,6/3/23,Friday,5978.51
June,6/4/23,Saturday,5766.32
June,6/5/23,Sunday,4434.81
June,6/6/23,Monday,4885.72
June,6/7/23,Tuesday,12407.93
June,6/8/23,Wednesday,13925.10
June,6/9/23,Thursday,12376.10
June,6/10/23,Friday,5373.76
June,6/11/23,Saturday,7867.02
June,6/12/23,Sunday,5983.81
June,6/13/23,Monday,8158.78
June,6/14/23,Tuesday,4588.65
June,6/15/23,Wednesday,15702.21
June,6/16/23,Thursday,10598.99
June,6/17/23,Friday,4063.48
June,6/18/23,Saturday,9638.82
June,6/19/23,Sunday,10153.39
June,6/20/23,Monday,8625.60
June,6/21/23,Tuesday,5845.89
June,6/22/23,Wednesday,9978.33
June,6/23/23,Thursday,7007.64
June,6/24/23,Friday,2647.10
June,6/25/23,Saturday,13044.50
June,6/26/23,Sunday,5294.19
June,6/27/23,Monday,9320.53
June,6/28/23,Tuesday,8742.31
June,6/29/23,Wednesday,12588.29
June,6/30/23,Thursday,14338.87
July,7/1/23,Friday,4201.40
July,7/2/23,Saturday,10073.82
July,7/3/23,Sunday,6588.56
July,7/4/23,Monday,8540.73
July,7/5/23,Tuesday,6026.25
July,7/6/23,Wednesday,11766.05
July,7/7/23,Thursday,14020.59
July,7/8/23,Friday,5490.47
July,7/9/23,Saturday,9097.73
July,7/10/23,Sunday,7729.09
July,7/11/23,Monday,9787.36
July,7/12/23,Tuesday,10689.17
July,7/13/23,Wednesday,9421.32
July,7/14/23,Thursday,15214.17
July,7/15/23,Friday,2519.78
July,7/16/23,Saturday,5097.91
July,7/17/23,Sunday,6434.72
July,7/18/23,Monday,10811.18
July,7/19/23,Tuesday,5182.79
July,7/20/23,Wednesday,13813.70
July,7/21/23,Thursday,5193.40
July,7/22/23,Friday,3909.64
July,7/23/23,Saturday,7198.61
July,7/24/23,Sunday,9904.06
July,7/25/23,Monday,11209.04
July,7/26/23,Tuesday,7331.23
July,7/27/23,Wednesday,11511.42
July,7/28/23,Thursday,6753.01
July,7/29/23,Friday,3861.89
July,7/30/23,Saturday,3612.57
July,7/31/23,Sunday,3071.48
August,8/1/23,Monday,9845.71
August,8/2/23,Tuesday,5352.54
August,8/3/23,Wednesday,7453.24
August,8/4/23,Thursday,8402.80
August,8/5/23,Friday,4774.32
August,8/6/23,Saturday,11988.85
August,8/7/23,Sunday,5554.13
August,8/8/23,Monday,3050.26
August,8/9/23,Tuesday,6875.02
August,8/10/23,Wednesday,8206.53
August,8/11/23,Thursday,13145.29
August,8/12/23,Friday,4875.11
August,8/13/23,Saturday,6524.90
August,8/14/23,Sunday,10185.22
August,8/15/23,Monday,3888.42
August,8/16/23,Tuesday,7644.22
August,8/17/23,Wednesday,8042.08
August,8/18/23,Thursday,6365.76
August,8/19/23,Friday,4381.76
August,8/20/23,Saturday,1681.62
August,8/21/23,Sunday,8981.03
August,8/22/23,Monday,5129.74
August,8/23/23,Tuesday,4737.19
August,8/24/23,Wednesday,7463.85
August,8/25/23,Thursday,12880.05
August,8/26/23,Friday,2090.09
August,8/27/23,Saturday,5654.92
August,8/28/23,Sunday,6922.76
August,8/29/23,Monday,7426.72
August,8/30/23,Tuesday,10142.78
August,8/31/23,Wednesday,5835.28
September,9/1/23,Thursday,5384.37
September,9/2/23,Friday,1193.58
September,9/3/23,Saturday,2424.29
September,9/4/23,Sunday,3288.98
September,9/5/23,Monday,17558.89
September,9/6/23,Tuesday,6933.37
September,9/7/23,Wednesday,5527.60
September,9/8/23,Thursday,6890.94
September,9/9/23,Friday,4270.36
September,9/10/23,Saturday,10402.71
September,9/11/23,Sunday,4864.50
September,9/12/23,Monday,2583.44
September,9/13/23,Tuesday,4806.15
September,9/14/23,Wednesday,11458.37
September,9/15/23,Thursday,8683.96
September,9/16/23,Friday,2052.96
September,9/17/23,Saturday,7007.64
September,9/18/23,Sunday,3103.31
September,9/19/23,Monday,5384.37
September,9/20/23,Tuesday,6689.35
September,9/21/23,Wednesday,4116.52
September,9/22/23,Thursday,7463.85
September,9/23/23,Friday,5745.10
September,9/24/23,Saturday,3803.54
September,9/25/23,Sunday,3872.50
September,9/26/23,Monday,2641.79
September,9/27/23,Tuesday,2429.60
September,9/28/23,Wednesday,3458.73
September,9/29/23,Thursday,8296.71
September,9/30/23,Friday,2689.53
October,10/1/23,Saturday,6540.82
October,10/2/23,Sunday,1936.25
October,10/3/23,Monday,12582.99
October,10/4/23,Tuesday,5845.89
October,10/5/23,Wednesday,6137.65
October,10/6/23,Thursday,9522.12
October,10/7/23,Friday,3607.26
October,10/8/23,Saturday,4344.63
October,10/9/23,Sunday,5776.93
October,10/10/23,Monday,6174.79
October,10/11/23,Tuesday,7856.41
October,10/12/23,Wednesday,8031.47
October,10/13/23,Thursday,9819.18
October,10/14/23,Friday,5129.74
October,10/15/23,Saturday,2604.66
October,10/16/23,Sunday,2960.08
October,10/17/23,Monday,7490.38
October,10/18/23,Tuesday,6864.41
October,10/19/23,Wednesday,6503.68
October,10/20/23,Thursday,10126.86
October,10/21/23,Friday,1771.80
October,10/22/23,Saturday,3814.15
October,10/23/23,Sunday,7739.70
October,10/24/23,Monday,2848.68
October,10/25/23,Tuesday,0.00
October,10/26/23,Wednesday,13718.21
October,10/27/23,Thursday,11092.34
October,10/28/23,Friday,3044.96
October,10/29/23,Saturday,6286.19
October,10/30/23,Sunday,5188.09
October,10/31/23,Monday,7654.83
November,11/1/23,Tuesday,9150.78
November,11/2/23,Wednesday,4896.33
November,11/3/23,Thursday,5925.46
November,11/4/23,Friday,7967.81
November,11/5/23,Saturday,8805.97
November,11/6/23,Sunday,8498.29
November,11/7/23,Monday,5983.81
November,11/8/23,Tuesday,9049.99
November,11/9/23,Wednesday,10715.70
November,11/10/23,Thursday,16275.13
November,11/11/23,Friday,7500.99
November,11/12/23,Saturday,11797.88
November,11/13/23,Sunday,15017.89
November,11/14/23,Monday,11957.02
November,11/15/23,Tuesday,16110.68
November,11/16/23,Wednesday,10201.13
November,11/17/23,Thursday,16158.42
November,11/18/23,Friday,8752.92
November,11/19/23,Saturday,20110.50
November,11/20/23,Sunday,13872.05
November,11/21/23,Monday,19617.15
November,11/22/23,Tuesday,21012.31
November,11/23/23,Wednesday,32014.47
November,11/24/23,Thursday,23616.97
November,11/25/23,Friday,11235.57
November,11/26/23,Saturday,0.00
November,11/27/23,Sunday,9638.82
November,11/28/23,Monday,13431.75
November,11/29/23,Tuesday,11336.36
November,11/30/23,Wednesday,10524.72
December,12/1/23,Thursday,6371.06
December,12/2/23,Friday,7028.86
December,12/3/23,Saturday,18763.08
December,12/4/23,Sunday,6312.71
December,12/5/23,Monday,8275.49
December,12/6/23,Tuesday,5437.42
December,12/7/23,Wednesday,5113.83
December,12/8/23,Thursday,10264.79
December,12/9/23,Friday,2944.16
December,12/10/23,Saturday,4609.87
December,12/11/23,Sunday,1835.46
December,12/12/23,Monday,3368.55
December,12/13/23,Tuesday,5840.58
December,12/14/23,Wednesday,3723.97
December,12/15/23,Thursday,8296.71
December,12/16/23,Friday,2615.27
December,12/17/23,Saturday,5310.10
December,12/18/23,Sunday,5585.95
December,12/19/23,Monday,1177.67
December,12/20/23,Tuesday,3665.62
December,12/21/23,Wednesday,7782.14
December,12/22/23,Thursday,5888.33
December,12/23/23,Friday,4355.24
December,12/24/23,Saturday,8832.49
December,12/25/23,Sunday,6535.51
December,12/26/23,Monday,6302.10
December,12/27/23,Tuesday,7973.11
December,12/28/23,Wednesday,159.14
December,12/29/23,Thursday,4540.91
December,12/30/23,Friday,3098.00
December,12/31/23,Saturday,4997.12
January,1/1/24,Sunday,4014.64
January,1/2/24,Monday,4572.75
January,1/3/24,Tuesday,7733.81
January,1/4/24,Wednesday,2818.69
January,1/5/24,Thursday,4216.31
January,1/6/24,Friday,6833.33
January,1/7/24,Saturday,9769.27
January,1/8/24,Sunday,2054.22
January,1/9/24,Monday,4924.5
January,1/10/24,Tuesday,11213.79
January,1/11/24,Wednesday,6838.02
January,1/12/24,Thursday,4169.41
January,1/13/24,Friday,9576.98
January,1/14/24,Saturday,11199.72
January,1/15/24,Sunday,2954.7
January,1/16/24,Monday,7527.45
January,1/17/24,Tuesday,2551.36
January,1/18/24,Wednesday,3681.65
January,1/19/24,Thursday,4136.58
January,1/20/24,Friday,4272.59
January,1/21/24,Saturday,8606.15
January,1/22/24,Sunday,2072.98
January,1/23/24,Monday,4174.1
January,1/24/24,Tuesday,1847.86
January,1/25/24,Wednesday,2387.21
January,1/26/24,Thursday,6392.47
January,1/27/24,Friday,3020.36
January,1/28/24,Saturday,2607.64
January,1/29/24,Sunday,1500.8
January,1/30/24,Monday,2284.03
January,1/31/24,Tuesday,5173.07
February,2/1/24,Wednesday,9501.94
February,2/2/24,Thursday,6847.4
February,2/3/24,Friday,8423.24
February,2/4/24,Saturday,8418.55
February,2/5/24,Sunday,5079.27
February,2/6/24,Monday,10650.99
February,2/7/24,Tuesday,2537.29
February,2/8/24,Wednesday,3906.77
February,2/9/24,Thursday,5970.37
February,2/10/24,Friday,6129.83
February,2/11/24,Saturday,8198.12
February,2/12/24,Sunday,7114.73
February,2/13/24,Monday,5487.3
February,2/14/24,Tuesday,2809.31
February,2/15/24,Wednesday,2687.37
February,2/16/24,Thursday,8817.2
February,2/17/24,Friday,3775.45
February,2/18/24,Saturday,7391.44
February,2/19/24,Sunday,3841.11
February,2/20/24,Monday,11185.65
February,2/21/24,Tuesday,3756.69
February,2/22/24,Wednesday,7020.93
February,2/23/24,Thursday,8109.01
February,2/24/24,Friday,3831.73
February,2/25/24,Saturday,9375.31
February,2/26/24,Sunday,0
February,2/27/24,Monday,7447.72
February,2/28/24,Tuesday,7696.29
March,3/1/24,Wednesday,7077.21
March,3/2/24,Thursday,5304.39
March,3/3/24,Friday,8048.04
March,3/4/24,Saturday,2269.96
March,3/5/24,Sunday,6444.06
March,3/6/24,Monday,6237.7
March,3/7/24,Tuesday,8245.02
March,3/8/24,Wednesday,8962.59
March,3/9/24,Thursday,7339.85
March,3/10/24,Friday,10130.4
March,3/11/24,Saturday,5037.06
March,3/12/24,Sunday,2387.21
March,3/13/24,Monday,4108.44
March,3/14/24,Tuesday,8620.22
March,3/15/24,Wednesday,5557.65
March,3/16/24,Thursday,10350.83
March,3/17/24,Friday,7175.7
March,3/18/24,Saturday,140.7
March,3/19/24,Sunday,9698.92
March,3/20/24,Monday,5740.56
March,3/21/24,Tuesday,2856.21
March,3/22/24,Wednesday,6828.64
March,3/23/24,Thursday,9168.95
March,3/24/24,Friday,3817.66
March,3/25/24,Saturday,6340.88
March,3/26/24,Sunday,4605.58
March,3/27/24,Monday,4483.64
March,3/28/24,Tuesday,6073.55
March,3/29/24,Wednesday,3137.61
March,3/30/24,Thursday,7851.06
March,3/31/24,Friday,6626.97
April,4/1/24,Saturday,4084.99
April,4/2/24,Sunday,5843.74
April,4/3/24,Monday,3311.14
April,4/4/24,Tuesday,6931.82
April,4/5/24,Wednesday,10960.53
April,4/6/24,Thursday,7541.52
April,4/7/24,Friday,10829.21
April,4/8/24,Saturday,2457.56
April,4/9/24,Sunday,2082.36
April,4/10/24,Monday,3156.37
April,4/11/24,Tuesday,5454.47
April,4/12/24,Wednesday,7649.39
April,4/13/24,Thursday,9258.06
April,4/14/24,Friday,9403.45
April,4/15/24,Saturday,42.21
April,4/16/24,Sunday,3376.8
April,4/17/24,Monday,8019.9
April,4/18/24,Tuesday,22338.47
April,4/19/24,Wednesday,9586.36
April,4/20/24,Thursday,5055.82
April,4/21/24,Friday,13497.82
April,4/22/24,Saturday,3780.14
April,4/23/24,Sunday,3939.6
April,4/24/24,Monday,4417.98
April,4/25/24,Tuesday,12958.47
April,4/26/24,Wednesday,6040.72
April,4/27/24,Thursday,7119.42
April,4/28/24,Friday,6908.37
April,4/29/24,Saturday,4779.11
April,4/30/24,Sunday,6167.35
May,5/1/24,Monday,3902.08
May,5/2/24,Tuesday,6673.87
May,5/3/24,Wednesday,10186.68
May,5/4/24,Thursday,5440.4
May,5/5/24,Friday,9140.81
May,5/6/24,Saturday,2692.06
May,5/7/24,Sunday,5632.69
May,5/8/24,Monday,7738.5
May,5/9/24,Tuesday,7152.25
May,5/10/24,Wednesday,2832.76
May,5/11/24,Thursday,10454.01
May,5/12/24,Friday,11560.85
May,5/13/24,Saturday,3676.96
May,5/14/24,Sunday,8554.56
May,5/15/24,Monday,6233.01
May,5/16/24,Tuesday,6322.12
May,5/17/24,Wednesday,6922.44
May,5/18/24,Thursday,5140.24
May,5/19/24,Friday,7518.07
May,5/20/24,Saturday,8442
May,5/21/24,Sunday,6261.15
May,5/22/24,Monday,4553.99
May,5/23/24,Tuesday,9159.57
May,5/24/24,Wednesday,5440.4
May,5/25/24,Thursday,3859.87
May,5/26/24,Friday,16508.8
May,5/27/24,Saturday,961.45
May,5/28/24,Sunday,6115.76
May,5/29/24,Monday,6570.69
May,5/30/24,Tuesday,1936.97
May,5/31/24,Wednesday,2964.08
June,6/1/24,Thursday,8690.57
June,6/2/24,Friday,14539
June,6/3/24,Saturday,1716.54
June,6/4/24,Sunday,7902.65
June,6/5/24,Monday,7508.69
June,6/6/24,Tuesday,6884.92
June,6/7/24,Wednesday,9239.3
June,6/8/24,Thursday,10482.15
June,6/9/24,Friday,9820.86
June,6/10/24,Saturday,3475.29
June,6/11/24,Sunday,7396.13
June,6/12/24,Monday,9928.73
June,6/13/24,Tuesday,13521.27
June,6/14/24,Wednesday,9248.68
June,6/15/24,Thursday,7715.05
June,6/16/24,Friday,7222.6
June,6/17/24,Saturday,2429.42
June,6/18/24,Sunday,6622.28
June,6/19/24,Monday,6974.03
June,6/20/24,Tuesday,4328.87
June,6/21/24,Wednesday,12362.84
June,6/22/24,Thursday,12817.77
June,6/23/24,Friday,10533.74
June,6/24/24,Saturday,3015.67
June,6/25/24,Sunday,7700.98
June,6/26/24,Monday,7424.27
June,6/27/24,Tuesday,11129.37
June,6/28/24,Wednesday,11284.14
June,6/29/24,Thursday,13718.25
June,6/30/24,Friday,7550.9
July,7/1/24,Saturday,3189.2
July,7/2/24,Sunday,6748.91
July,7/3/24,Monday,7776.02
July,7/4/24,Tuesday,6781.74
July,7/5/24,Wednesday,5355.98
July,7/6/24,Thursday,9595.74
July,7/7/24,Friday,8587.39
July,7/8/24,Saturday,2738.96
July,7/9/24,Sunday,5257.49
July,7/10/24,Monday,7569.66
July,7/11/24,Tuesday,3325.21
July,7/12/24,Wednesday,6702.01
July,7/13/24,Thursday,9642.64
July,7/14/24,Friday,17981.46
July,7/15/24,Saturday,4267.9
July,7/16/24,Sunday,5454.47
July,7/17/24,Monday,3334.59
July,7/18/24,Tuesday,6852.09
July,7/19/24,Wednesday,7710.36
July,7/20/24,Thursday,4399.22
July,7/21/24,Friday,6251.77
July,7/22/24,Saturday,1969.8
July,7/23/24,Sunday,2931.25
July,7/24/24,Monday,6003.2
July,7/25/24,Tuesday,4188.17
July,7/26/24,Wednesday,4732.21
July,7/27/24,Thursday,4713.45
July,7/28/24,Friday,4727.52
July,7/29/24,Saturday,5060.51
July,7/30/24,Sunday,7935.48
July,7/31/24,Monday,5022.99
August,8/1/24,Tuesday,7208.53
August,8/2/24,Wednesday,9572.29
August,8/3/24,Thursday,7180.39
August,8/4/24,Friday,5435.71
August,8/5/24,Saturday,2424.73
August,8/6/24,Sunday,5975.06
August,8/7/24,Monday,4582.13
August,8/8/24,Tuesday,5487.3
August,8/9/24,Wednesday,4174.1
August,8/10/24,Thursday,8507.66
August,8/11/24,Friday,11785.97
August,8/12/24,Saturday,3503.43
August,8/13/24,Sunday,10552.5
August,8/14/24,Monday,4783.8
August,8/15/24,Tuesday,3662.89
August,8/16/24,Wednesday,7640.01
August,8/17/24,Thursday,5524.82
August,8/18/24,Friday,12845.91
August,8/19/24,Saturday,1786.89
August,8/20/24,Sunday,3437.77
August,8/21/24,Monday,4863.53
August,8/22/24,Tuesday,5215.28
August,8/23/24,Wednesday,3090.71
August,8/24/24,Thursday,6003.2
August,8/25/24,Friday,10561.88
August,8/26/24,Saturday,-243.88
August,8/27/24,Sunday,4661.86
August,8/28/24,Monday,6115.76
August,8/29/24,Tuesday,7006.86
August,8/30/24,Wednesday,3193.89
August,8/31/24,Thursday,7649.39
September,9/1/24,Friday,9314.34
September,9/2/24,Saturday,2119.88
September,9/3/24,Sunday,5717.11
September,9/4/24,Monday,1322.58
September,9/5/24,Tuesday,16433.76
September,9/6/24,Wednesday,4174.1
September,9/7/24,Thursday,5660.83
September,9/8/24,Friday,3465.91
September,9/9/24,Saturday,3662.89
September,9/10/24,Sunday,6852.09
September,9/11/24,Monday,3508.12
September,9/12/24,Tuesday,4366.39
September,9/13/24,Wednesday,5440.4
September,9/14/24,Thursday,6823.95
September,9/15/24,Friday,4145.96
September,9/16/24,Saturday,3057.88
September,9/17/24,Sunday,5177.76
September,9/18/24,Monday,5449.78
September,9/19/24,Tuesday,7217.91
September,9/20/24,Wednesday,5491.99
September,9/21/24,Thursday,9286.2
September,9/22/24,Friday,6157.97
September,9/23/24,Saturday,886.41
September,9/24/24,Sunday,6303.36
September,9/25/24,Monday,4497.71
September,9/26/24,Tuesday,2617.02
September,9/27/24,Wednesday,7785.4
September,9/28/24,Thursday,3283
September,9/29/24,Friday,8582.7
September,9/30/24,Saturday,1603.98
October,10/1/24,Sunday,3714.48
October,10/2/24,Monday,2513.84
October,10/3/24,Tuesday,12639.55
October,10/4/24,Wednesday,6997.48
October,10/5/24,Thursday,7199.15
October,10/6/24,Friday,10158.54
October,10/7/24,Saturday,1847.86
October,10/8/24,Sunday,3555.02
October,10/9/24,Monday,5276.25
October,10/10/24,Tuesday,3419.01
October,10/11/24,Wednesday,7841.68
October,10/12/24,Thursday,5595.17
October,10/13/24,Friday,4633.72
October,10/14/24,Saturday,6697.32
October,10/15/24,Sunday,6978.72
October,10/16/24,Monday,2626.4
October,10/17/24,Tuesday,1270.99
October,10/18/24,Wednesday,1997.94
October,10/19/24,Thursday,6594.14
October,10/20/24,Friday,11129.37
October,10/21/24,Saturday,4877.6
October,10/22/24,Sunday,5219.97
October,10/23/24,Monday,839.51
October,10/24/24,Tuesday,6809.88
October,10/25/24,Wednesday,0
October,10/26/24,Thursday,9656.71
October,10/27/24,Friday,5022.99
October,10/28/24,Saturday,6289.29
October,10/29/24,Sunday,6922.44
October,10/30/24,Monday,7780.71
October,10/31/24,Tuesday,7546.21
November,11/1/24,Wednesday,11762.52
November,11/2/24,Thursday,10899.56
November,11/3/24,Friday,15017.38
November,11/4/24,Saturday,9867.76
November,11/5/24,Sunday,8765.61
November,11/6/24,Monday,10993.36
November,11/7/24,Tuesday,16724.54
November,11/8/24,Wednesday,8714.02
November,11/9/24,Thursday,9459.73
November,11/10/24,Friday,18539.57
November,11/11/24,Saturday,8704.64
November,11/12/24,Sunday,18975.74
November,11/13/24,Monday,14009.03
November,11/14/24,Tuesday,17043.46
November,11/15/24,Wednesday,14276.36
November,11/16/24,Thursday,20626.62
November,11/17/24,Friday,24688.16
November,11/18/24,Saturday,12541.06
November,11/19/24,Sunday,36572.62
November,11/20/24,Monday,15894.41
November,11/21/24,Tuesday,0
November,11/22/24,Wednesday,8502.97
November,11/23/24,Thursday,7166.32
November,11/24/24,Friday,12606.72
November,11/25/24,Saturday,6312.74
November,11/26/24,Sunday,7044.38
November,11/27/24,Monday,6636.35
November,11/28/24,Tuesday,18220.65
November,11/29/24,Wednesday,10810.45
November,11/30/24,Thursday,9970.94
December,12/1/24,Friday,6730.15
December,12/2/24,Saturday,4446.12
December,12/3/24,Sunday,8352.89
December,12/4/24,Monday,7555.59
December,12/5/24,Tuesday,2837.45
December,12/6/24,Wednesday,7307.02
December,12/7/24,Thursday,11363.87
December,12/8/24,Friday,8113.7
December,12/9/24,Saturday,4497.71
December,12/10/24,Sunday,1027.11
December,12/11/24,Monday,6795.81
December,12/12/24,Tuesday,3311.14
December,12/13/24,Wednesday,7100.66
December,12/14/24,Thursday,4310.11
December,12/15/24,Friday,8535.8
December,12/16/24,Saturday,3268.93
December,12/17/24,Sunday,7504
December,12/18/24,Monday,4117.82
December,12/19/24,Tuesday,6861.47
December,12/20/24,Wednesday,4774.42
December,12/21/24,Thursday,3212.65
December,12/22/24,Friday,7400.82
December,12/23/24,Saturday,3025.05
December,12/24/24,Sunday,3390.87
December,12/25/24,Monday,7508.69
December,12/26/24,Tuesday,4816.63
December,12/27/24,Wednesday,4807.25
December,12/28/24,Thursday,4042.78
December,12/29/24,Friday,9647.33
December,12/30/24,Saturday,20471.85
December,12/31/24,Sunday,5740.5
January,1/1/25,Monday,2671.40
January,1/2/25,Tuesday,8088.20
January,1/3/25,Wednesday,6519.40
January,1/4/25,Thursday,1650.20
January,1/5/25,Friday,8006.80
January,1/6/25,Saturday,9634.80
January,1/7/25,Sunday,15880.40
January,1/8/25,Monday,2797.20
January,1/9/25,Tuesday,4373.40
January,1/10/25,Wednesday,8162.20
January,1/11/25,Thursday,8621.00
January,1/12/25,Friday,4706.40
January,1/13/25,Saturday,11736.40
January,1/14/25,Sunday,10848.40
January,1/15/25,Monday,5276.20
January,1/16/25,Tuesday,11240.60
January,1/17/25,Wednesday,7185.40
January,1/18/25,Thursday,3796.20
January,1/19/25,Friday,4647.20
January,1/20/25,Saturday,5572.20
January,1/21/25,Sunday,6882.00
January,1/22/25,Monday,4684.20
January,1/23/25,Tuesday,5557.40
January,1/24/25,Wednesday,2064.60
January,1/25/25,Thursday,10892.80
January,1/26/25,Friday,3322.60
January,1/27/25,Saturday,13068.40
January,1/28/25,Sunday,11418.20
January,1/29/25,Monday,5424.20
January,1/30/25,Tuesday,4366.00
January,1/31/25,Wednesday,4173.60
February,2/1/25,Thursday,11706.80
February,2/2/25,Friday,8783.80
February,2/3/25,Saturday,17959.80
February,2/4/25,Sunday,13490.20
February,2/5/25,Monday,5764.60
February,2/6/25,Tuesday,7844.00
February,2/7/25,Wednesday,11329.40
February,2/8/25,Thursday,4447.40
February,2/9/25,Friday,5646.20
February,2/10/25,Saturday,5801.60
February,2/11/25,Sunday,12276.60
February,2/12/25,Monday,7059.60
February,2/13/25,Tuesday,4617.60
February,2/14/25,Wednesday,7229.80
February,2/15/25,Thursday,12580.00
February,2/16/25,Friday,9146.40
February,2/17/25,Saturday,17086.60
February,2/18/25,Sunday,11995.40
February,2/19/25,Monday,8924.40
February,2/20/25,Tuesday,4240.20
February,2/21/25,Wednesday,12261.80
February,2/22/25,Thursday,7385.20
February,2/23/25,Friday,10152.80
February,2/24/25,Saturday,7710.80
February,2/25/25,Sunday,11891.80
February,2/26/25,Monday,10086.20
February,2/27/25,Tuesday,7466.60
February,2/28/25,Wednesday,7910.60
March,3/1/25,Thursday,5705.40
March,3/2/25,Friday,9760.60
March,3/3/25,Saturday,15532.60
March,3/4/25,Sunday,9649.60
March,3/5/25,Monday,3537.20
March,3/6/25,Tuesday,1531.80
March,3/7/25,Wednesday,3966.40
March,3/8/25,Thursday,7222.40
March,3/9/25,Friday,3152.40
March,3/10/25,Saturday,8998.40
March,3/11/25,Sunday,14696.40
March,3/12/25,Monday,3433.60
March,3/13/25,Tuesday,6371.40
March,3/14/25,Wednesday,6142.00
March,3/15/25,Thursday,8806.00
March,3/16/25,Friday,10108.40
March,3/17/25,Saturday,12846.40
March,3/18/25,Sunday,11625.40
March,3/19/25,Monday,0.00
March,3/20/25,Tuesday,5106.00
March,3/21/25,Wednesday,9294.40
March,3/22/25,Thursday,3959.00
March,3/23/25,Friday,5594.40
March,3/24/25,Saturday,11166.60
March,3/25/25,Sunday,9472.00
March,3/26/25,Monday,1924.00
March,3/27/25,Tuesday,8258.40
March,3/28/25,Wednesday,13349.60
March,3/29/25,Thursday,12587.40
March,3/30/25,Friday,14104.40
March,3/31/25,Saturday,11026.00
April,4/1/25,Sunday,15739.80
April,4/2/25,Monday,8125.20
April,4/3/25,Tuesday,14348.60
April,4/4/25,Wednesday,9871.60
April,4/5/25,Thursday,10471.00
April,4/6/25,Friday,7873.60
April,4/7/25,Saturday,19069.80
April,4/8/25,Sunday,17856.20
April,4/9/25,Monday,5320.60
April,4/10/25,Tuesday,8584.00
April,4/11/25,Wednesday,9886.40
April,4/12/25,Thursday,3922.00
April,4/13/25,Friday,20697.80
April,4/14/25,Saturday,8066.00
April,4/15/25,Sunday,24619.80
April,4/16/25,Monday,4077.40
April,4/17/25,Tuesday,8384.20
April,4/18/25,Wednesday,11262.80
April,4/19/25,Thursday,10537.60
April,4/20/25,Friday,13978.60
April,4/21/25,Saturday,9494.20
April,4/22/25,Sunday,16006.20
April,4/23/25,Monday,6711.80
April,4/24/25,Tuesday,7348.20
April,4/25/25,Wednesday,11151.80
April,4/26/25,Thursday,14060.00
April,4/27/25,Friday,18685.00
April,4/28/25,Saturday,17456.60
April,4/29/25,Sunday,17811.80
April,4/30/25,Monday,9990.00
May,5/1/25,Tuesday,13416.20
May,5/2/25,Wednesday,13601.20
May,5/3/25,Thursday,8961.40
May,5/4/25,Friday,11092.60
May,5/5/25,Saturday,17959.80
May,5/6/25,Sunday,9109.40
May,5/7/25,Monday,10833.60
May,5/8/25,Tuesday,5875.60
May,5/9/25,Wednesday,10796.60
May,5/10/25,Thursday,15858.20
May,5/11/25,Friday,12528.20
May,5/12/25,Saturday,13179.40
May,5/13/25,Sunday,10485.80
May,5/14/25,Monday,2294.00
May,5/15/25,Tuesday,13223.80
May,5/16/25,Wednesday,10441.40
May,5/17/25,Thursday,10323.00
May,5/18/25,Friday,16368.80
May,5/19/25,Saturday,12883.40
May,5/20/25,Sunday,14363.40
May,5/21/25,Monday,1657.60
May,5/22/25,Tuesday,5557.40
May,5/23/25,Wednesday,5305.80
May,5/24/25,Thursday,11766.00
May,5/25/25,Friday,11566.20
May,5/26/25,Saturday,6275.20
May,5/27/25,Sunday,12876.00
May,5/28/25,Monday,6896.80
May,5/29/25,Tuesday,7955.00
May,5/30/25,Wednesday,7444.40
May,5/31/25,Thursday,6711.80
June,6/1/25,Friday,7237.20
June,6/2/25,Saturday,2168.20
June,6/3/25,Sunday,17885.80
June,6/4/25,Monday,3056.20
June,6/5/25,Tuesday,10693.00
June,6/6/25,Wednesday,11381.20
June,6/7/25,Thursday,5727.60
June,6/8/25,Friday,12402.40
June,6/9/25,Saturday,10212.00
June,6/10/25,Sunday,8487.80
June,6/11/25,Monday,4218.00
June,6/12/25,Tuesday,10508.00
June,6/13/25,Wednesday,7163.20
June,6/14/25,Thursday,6859.80
June,6/15/25,Friday,7940.20
June,6/16/25,Saturday,6475.00
June,6/17/25,Sunday,12395.00
June,6/18/25,Monday,3907.20
June,6/19/25,Tuesday,11854.80
June,6/20/25,Wednesday,10471.00
June,6/21/25,Thursday,8140.00
June,6/22/25,Friday,6512.00
June,6/23/25,Saturday,12831.60
June,6/24/25,Sunday,8739.40
June,6/25/25,Monday,7821.80
June,6/26/25,Tuesday,14052.60
June,6/27/25,Wednesday,9427.60
June,6/28/25,Thursday,17293.80
June,6/29/25,Friday,4699.00
June,6/30/25,Saturday,13112.80
July,7/1/25,Sunday,14814.80
July,7/2/25,Monday,3196.80
July,7/3/25,Tuesday,5372.40
July,7/4/25,Wednesday,10123.20
July,7/5/25,Thursday,13808.40
July,7/6/25,Friday,5764.60
July,7/7/25,Saturday,4602.80
July,7/8/25,Sunday,14400.40
July,7/9/25,Monday,4543.60
July,7/10/25,Tuesday,9945.60
July,7/11/25,Wednesday,11373.80
July,7/12/25,Thursday,7777.40
July,7/13/25,Friday,9338.80
July,7/14/25,Saturday,13512.40
July,7/15/25,Sunday,15007.20
July,7/16/25,Monday,7992.00
July,7/17/25,Tuesday,10471.00
July,7/18/25,Wednesday,8643.20
July,7/19/25,Thursday,4980.20
July,7/20/25,Friday,5890.40
July,7/21/25,Saturday,7370.40
July,7/22/25,Sunday,12728.00
July,7/23/25,Monday,8872.60
July,7/24/25,Tuesday,5143.00
July,7/25/25,Wednesday,4010.80
July,7/26/25,Thursday,10071.40
July,7/27/25,Friday,5409.40
July,7/28/25,Saturday,9035.40
July,7/29/25,Sunday,13283.00
July,7/30/25,Monday,10071.40
July,7/31/25,Tuesday,18085.60
August,8/1/25,Wednesday,5461.20
August,8/2/25,Thursday,12772.40
August,8/3/25,Friday,7074.40
August,8/4/25,Saturday,3855.40
August,8/5/25,Sunday,14644.60
August,8/6/25,Monday,3559.40
August,8/7/25,Tuesday,7215.00
August,8/8/25,Wednesday,11899.20
August,8/9/25,Thursday,7836.60
August,8/10/25,Friday,6179.00
August,8/11/25,Saturday,15451.20
August,8/12/25,Sunday,8458.20
August,8/13/25,Monday,3500.20
August,8/14/25,Tuesday,6660.00
August,8/15/25,Wednesday,4987.60
August,8/16/25,Thursday,5749.80
August,8/17/25,Friday,9361.00
August,8/18/25,Saturday,9427.60
August,8/19/25,Sunday,11085.20
August,8/20/25,Monday,1398.60
August,8/21/25,Tuesday,4055.20
August,8/22/25,Wednesday,5416.80
August,8/23/25,Thursday,15503.00
August,8/24/25,Friday,5601.80
August,8/25/25,Saturday,17656.40
August,8/26/25,Sunday,17064.40
August,8/27/25,Monday,6771.00
August,8/28/25,Tuesday,11166.60
August,8/29/25,Wednesday,4440.00
August,8/30/25,Thursday,7725.60
August,8/31/25,Friday,8443.40
September,9/1/25,Saturday,9975.20
September,9/2/25,Sunday,7348.20
September,9/3/25,Monday,1028.60
September,9/4/25,Tuesday,5742.40
September,9/5/25,Wednesday,7696.00
September,9/6/25,Thursday,16650.00
September,9/7/25,Friday,9405.40
September,9/8/25,Saturday,7081.80
September,9/9/25,Sunday,15332.80
September,9/10/25,Monday,4099.60
September,9/11/25,Tuesday,7126.20
September,9/12/25,Wednesday,7718.20
September,9/13/25,Thursday,9864.20
September,9/14/25,Friday,8717.20
September,9/15/25,Saturday,11921.40
September,9/16/25,Sunday,9094.60
September,9/17/25,Monday,3907.20
September,9/18/25,Tuesday,6164.20
September,9/19/25,Wednesday,5379.80
September,9/20/25,Thursday,5846.00
September,9/21/25,Friday,3581.60
September,9/22/25,Saturday,6682.20
September,9/23/25,Sunday,6253.00
September,9/24/25,Monday,5712.80
September,9/25/25,Tuesday,1591.00
September,9/26/25,Wednesday,3759.20
September,9/27/25,Thursday,9945.60
September,9/28/25,Friday,11655.00
September,9/29/25,Saturday,8325.00
September,9/30/25,Sunday,14444.80
October,10/1/25,Monday,6031.00
October,10/2/25,Tuesday,10426.60
October,10/3/25,Wednesday,3737.00
October,10/4/25,Thursday,4750.80
October,10/5/25,Friday,2294.00
October,10/6/25,Saturday,14393.00
October,10/7/25,Sunday,7807.00
October,10/8/25,Monday,4025.60
October,10/9/25,Tuesday,11107.40
October,10/10/25,Wednesday,11521.80
October,10/11/25,Thursday,2989.60
October,10/12/25,Friday,5461.20
October,10/13/25,Saturday,5668.40
October,10/14/25,Sunday,8813.40
October,10/15/25,Monday,3566.80
October,10/16/25,Tuesday,5320.60
October,10/17/25,Wednesday,6904.20
October,10/18/25,Thursday,7481.40
October,10/19/25,Friday,3174.60
October,10/20/25,Saturday,13453.20
October,10/21/25,Sunday,15036.80
October,10/22/25,Monday,2715.80
October,10/23/25,Tuesday,9168.60
October,10/24/25,Wednesday,6889.40
October,10/25/25,Thursday,4780.40
October,10/26/25,Friday,0.00
October,10/27/25,Saturday,16879.40
October,10/28/25,Sunday,12284.00
October,10/29/25,Monday,1346.80
October,10/30/25,Tuesday,6275.20
October,10/31/25,Wednesday,10619.00
November,11/1/25,Thursday,8547.00
November,11/2/25,Friday,9990.00
November,11/3/25,Saturday,15540.00
November,11/4/25,Sunday,17945.00
November,11/5/25,Monday,8480.40
November,11/6/25,Tuesday,17293.80
November,11/7/25,Wednesday,13986.00
November,11/8/25,Thursday,9042.80
November,11/9/25,Friday,15939.60
November,11/10/25,Saturday,25441.20
November,11/11/25,Sunday,21119.60
November,11/12/25,Monday,15806.40
November,11/13/25,Tuesday,11662.40
November,11/14/25,Wednesday,13986.00
November,11/15/25,Thursday,22584.80
November,11/16/25,Friday,11640.20
November,11/17/25,Saturday,22977.00
November,11/18/25,Sunday,29119.00
November,11/19/25,Monday,17619.40
November,11/20/25,Tuesday,46886.40
November,11/21/25,Wednesday,29674.00
November,11/22/25,Thursday,28364.20
November,11/23/25,Friday,0.00
November,11/24/25,Saturday,11788.20
November,11/25/25,Sunday,8917.00
November,11/26/25,Monday,8635.80
November,11/27/25,Tuesday,13408.80
November,11/28/25,Wednesday,15022.00
November,11/29/25,Thursday,12883.40
November,11/30/25,Friday,18714.60
December,12/1/25,Saturday,22666.20
December,12/2/25,Sunday,15318.00
December,12/3/25,Monday,7644.20
December,12/4/25,Tuesday,4121.80
December,12/5/25,Wednesday,10626.40
December,12/6/25,Thursday,8036.40
December,12/7/25,Friday,3448.40
December,12/8/25,Saturday,9131.60
December,12/9/25,Sunday,22666.20
December,12/10/25,Monday,8991.00
December,12/11/25,Tuesday,8014.20
December,12/12/25,Wednesday,12358.00
December,12/13/25,Thursday,11203.60
December,12/14/25,Friday,8695.00
December,12/15/25,Saturday,11440.40
December,12/16/25,Sunday,20105.80
December,12/17/25,Monday,8162.20
December,12/18/25,Tuesday,9057.60
December,12/19/25,Wednesday,9176.00
December,12/20/25,Thursday,11211.00
December,12/21/25,Friday,13379.20
December,12/22/25,Saturday,10278.60
December,12/23/25,Sunday,23613.40
December,12/24/25,Monday,3966.40
December,12/25/25,Tuesday,10989.00
December,12/26/25,Wednesday,2419.80
December,12/27/25,Thursday,11462.60
December,12/28/25,Friday,1598.40
December,12/29/25,Saturday,9316.60
December,12/30/25,Sunday,9753.20
December,12/31/25,Monday,20128.00